EBU_ID;ownICO;function;name;votedICO;rank
9e7c0575-c432-45dd-b25e-bf5d5ab1975b;IS;juror1;Mrs. Hulda Geirsdottir;IS;0
9e7c0575-c391-43c4-bcdd-91344e7e0aee;IS;juror2;Mr. Sindri Astmarsson;IS;0
9e7c0575-c246-4245-8257-2ab5093eee79;IS;juror3;Mrs. Anita Ros _orsteinsdottir;IS;0
9e7c0575-c4dd-435f-8414-24cbf63ca665;IS;juror4;Mr. Bjarni Arason;IS;0
9e7c0575-c2e6-4aa9-8bad-065872a1e071;IS;juror5;Mr. Andri _or Jonsson;IS;0
9e7c0575-d6e7-40dc-82fd-9a132598d9e2;IT;juror1;Mr. DIEGO CALVETTI;IS;13
9e7c0575-d63e-4f61-89f1-42f9c12f0dca;IT;juror2;Mrs. MANOLA MOSLEHI;IS;9
9e7c0575-d795-499d-bbd4-15fc0f6d3d3d;IT;juror3;Mr. MATTIA MARZI;IS;12
9e7c0575-d90d-419a-8cd7-c5e1aa439cb8;IT;juror4;Mrs. GIULIA AUSANI;IS;7
9e7c0575-d855-44df-bac8-19bbe7b8bd41;IT;juror5;Mr. SALVATORE CARUSOTTO;IS;12
9e7c0576-34f3-4a58-8ce9-44d707ffadef;SE;juror1;Mr. Michael Lennart Cederberg;IS;5
9e7c0576-35a1-45db-ab88-eceff22801dc;SE;juror2;Mrs. Anna Charlotta Gunnarson;IS;4
9e7c0576-3649-4cdb-8f38-9879683c05d8;SE;juror3;Mrs. Amanda Josefina Elisabeth Nordelius;IS;9
9e7c0576-3795-4148-bec1-dedc2c7b2571;SE;juror4;Mr. Kenny Krister Kevin Lantz;IS;4
9e7c0576-36eb-480a-b059-e86a2f76ed24;SE;juror5;Mr. Theodor Jan Haraldsson;IS;12
9e7c0575-fede-4d9e-85fc-82f4fd9e0c34;NO;juror1;Mr. Stian Tangerud;IS;11
9e7c0576-0027-4fcf-807e-363f1659c48e;NO;juror2;Mrs. Reidun Sather;IS;8
9e7c0576-019a-459d-a0ac-fd5154a1bc5a;NO;juror3;Mr. Kristian Kristensen;IS;14
9e7c0576-00df-442f-b2ae-93b7b60abefc;NO;juror4;Ms. Vanessa Joana Hutel Kure;IS;6
9e7c0575-ff89-421b-a1e0-0f70c22892fb;NO;juror5;Mrs. Iris Severin O. Mikalsen;IS;6
9e7c0576-3e72-4af3-b431-b92bf207627c;CH;juror1;Mr. Cyrill Camenzind;IS;15
9e7c0576-3ba9-464f-8b6e-be2d4964dcea;CH;juror2;Mrs. Tiffany Athena Limacher;IS;11
9e7c0576-3c63-414f-b115-e86cdf2a15c5;CH;juror3;Mr. Giordano Tatum Rush;IS;14
9e7c0576-3d0a-4fbb-9048-294699aeb1d4;CH;juror4;Mrs. Gabriela Mennel;IS;6
9e7c0576-3dbc-41a2-9a18-e6107e1e88a8;CH;juror5;Mrs. Mary Clapasson;IS;8
9e7c0575-765a-414d-8070-fcbf903bf9a4;BE;juror1;Mr. Xavier Taveirne;IS;4
9e7c0575-791f-410f-b735-162feb679931;BE;juror2;Mr. Indy Van Cauwenberg;IS;9
9e7c0575-786a-42f6-bb0b-8f7e1fe9afdd;BE;juror3;Mrs. Noemie Wolfs;IS;9
9e7c0575-79c7-44c3-9bc6-874f595fa260;BE;juror4;Mrs. Billie Leyers;IS;13
9e7c0575-77b1-4440-99bb-79c5cbef6660;BE;juror5;Mr. Hans Francken;IS;4
9e7c0575-997e-4901-9437-2d523824ba3e;EE;juror1;Mr. Indrek Sarrap;IS;11
9e7c0576-2f74-470b-87b5-112782ab4056;ES;juror1;Mrs. Ana Isabel Conde;IS;10
9e7c0576-3018-45b3-a8e6-6a3e849d1cba;ES;juror2;Mrs. Maria Melodia Perez Castillo;IS;14
9e7c0576-2e1c-4328-acf4-3c8751b3ffb0;ES;juror3;Mr. Javier Pageo NicoAs;IS;12
9e7c0576-30b9-43fd-832e-3dd447b511fa;ES;juror4;Mrs. Irene Garrido Minano;IS;12
9e7c0576-2ec7-4fe2-a2d4-82739d9b0016;ES;juror5;Mr. Javier Llano Abril;IS;4
9e7c0576-2973-4d1d-bfaf-c6b5b6388964;SI;juror1;Mr. Gregor Starsbergar;IS;11
9e7c0576-2827-4002-9e57-03d49062212e;SI;juror2;Mrs. Ana Sokli;IS;11
9e7c0575-8445-4762-acb3-e9c7ed101e88;CY;juror1;Mrs. Maria Hari;IS;13
9e7c0576-28cf-4f3a-af2f-4db6490fd3f1;SI;juror3;Mr. Jon Vitezi;IS;8
9e7c0576-2a0f-45d9-9c9f-01d2aee39208;SI;juror4;Mr. Urban Koritnik;IS;6
9e7c0576-277c-4cdf-8555-64d8ddbaf223;SI;juror5;Mrs. Eva Boto;IS;9
9e7c0575-85a6-4f10-b0a5-669d67353f50;CY;juror2;Mr. Michael Messios;IS;11
9e7c0575-864c-415b-aaf3-3c41228c1eb4;CY;juror3;Mrs. Chariklia Strouthou;IS;6
9e7c0575-84fa-4409-818a-706de703476a;CY;juror4;Mr. Charis Savva;IS;9
9e7c0575-8705-4386-92d8-eb8f1154b15e;CY;juror5;Mrs. Helena Olympiou;IS;7
9e7c0575-9a36-48a8-8be1-b1d613bb426c;EE;juror2;Mrs. Alika Milova;IS;14
9e7c0575-9ae0-4752-a007-26dd5208389c;EE;juror3;Mr. Ott Lepland;IS;5
9e7c0575-9b93-45ca-a954-16adf28ba87e;EE;juror4;Mr. Owe Petersell;IS;10
9e7c0575-9c3e-4301-a0cc-0c6f874f9c46;EE;juror5;Mrs. Elina Nechayeva;IS;11
9e7c0576-1424-496b-9d27-c7130a9f06e1;PT;juror1;Mr. Alexandre Manuel Valerio Mesquita Guimaraes;IS;13
9e7c0576-1576-4f86-9223-84acf83449f7;PT;juror2;Mr. Alberto HernAndez Seruca;IS;11
9e7c0576-137d-45e8-a4f8-10d16d40bf49;PT;juror3;Mrs. Lia Isabel Pereira;IS;13
9e7c0576-161e-4959-9963-3d59611725fa;PT;juror4;Mr. Luis Oliveira Nunes;IS;14
9e7c0576-1762-4d39-b9d6-a63f0f8acb11;PT;juror5;Mrs. NAdia Lima Pereira;IS;3
9e7c0576-1a28-4938-a501-a2c56d0b05a1;SM;juror1;Mr. Fabrizio Raggi;IS;11
9e7c0576-1aca-4417-89cc-e6defb1448c1;SM;juror2;Mrs. Olivia Marani;IS;7
9e7c0576-1b72-486d-9c80-21d576ca947a;SM;juror3;Mrs. Sofia Toccaceli;IS;13
9e7c0576-1c12-4c15-8d11-686bf7e9b104;SM;juror4;Mr. Alessandro Riccardi;IS;9
9e7c0576-1cb9-45eb-98fb-919ed01863a5;SM;juror5;Mr. Piermatteo Carattoni;IS;12
9e7c0575-f815-41f4-a7ba-ad5eeb3ba06b;NL;juror1;Mr. Frits Ritmeester;IS;5
9e7c0575-fa13-4c23-9e91-8c94ef3176dd;NL;juror2;Mrs. Quinty Mesiedjan;IS;3
9e7c0575-f8ca-4baf-a7c6-d3de00dc6c7c;NL;juror3;Mr. Dennis van Leeuwen;IS;8
9e7c0575-f96d-46f7-9b48-c0092e163ac9;NL;juror4;Mr. Ronald de Bas;IS;3
9e7c0575-fabe-4274-b5fd-bf5f776eda4f;NL;juror5;Mrs. Gaia Tiana Marlene Aikman;IS;6
9e7c0576-0fc6-4a50-ba8f-a1486572941f;PL;juror1;Mr. Krystian Ochman;IS;12
9e7c0576-0f1f-4fc0-8f5b-902167f9d477;PL;juror2;Ms. Tycjana Acquasanta;IS;11
9e7c0576-0d16-4ff3-bc12-eac45d1341de;PL;juror3;Mrs. Katarzyna Walczak;IS;7
9e7c0576-0c69-4624-948a-29e299b7d87e;PL;juror4;Mrs. Anna Jurksztowicz;IS;11
9e7c0576-0dc6-4179-9024-3386b489a876;PL;juror5;Mr. Jan Stokosa;IS;13
9e7c0576-42b8-42b1-9187-b0933c023103;UA;juror1;Mr. Dmytro Shurov;IS;14
9e7c0576-4613-436b-84d6-661906eed597;UA;juror2;Mrs. Olena Shoptenko-Ivanova;IS;14
9e7c0576-4566-4ca5-ae57-92bc7d179d8b;UA;juror3;Mrs. Kateryna Pavlenko;IS;11
9e7c0576-4369-4830-8948-22d51da12cb3;UA;juror4;Mr. KOSTIANTYN BOCHAROV;IS;11
9e7c0576-46b1-4438-b326-0c3f30cc4c9c;UA;juror5;Mrs. Tetiana Reshetniak;IS;13
9e7c0575-570f-40ce-81c6-6b1423db9eac;AL;juror5;Mrs. Mikaela Minga;IS;13
9e7c0575-53e0-4672-8049-fc3a897b4413;AL;juror3;Mr. Alfred Kacinari;IS;10
9e7c0575-548c-4cff-a071-056cd8c5d341;AL;juror2;Mr. Shpetim Saraci;IS;11
9e7c0575-552a-4e3a-bb15-4590a26e956c;AL;juror1;Mrs. Blerta Ristani;IS;4
9e7c0575-5325-487e-9c41-f0892b1c01e6;AL;juror4;Mr. Ylljet Alicka;IS;14
9e7c0575-7d41-46d1-9b79-ed9443932c62;HR;juror1;Mr. Niksa Bratos;IS;11
9e7c0575-7f5d-4953-9dd9-0e42dd6670f7;HR;juror2;Mr. Miroslav Lesi;IS;8
9e7c0575-7ea0-4895-b9eb-a3b2b8601131;HR;juror3;Mrs. Monika Lelas Halambek;IS;5
9e7c0575-7df6-420c-be71-ab67f059cac9;HR;juror4;Mrs. Antonela Doko;IS;5
9e7c0575-800b-4237-9ed9-c880d770d545;HR;juror5;Mrs. Mia Elizabeta Negoveti;IS;6
9e7c0575-6fea-43be-92e2-1b6a8b8a3788;AZ;juror1;Mrs. Ulviyya Ogtay Kerimova;IS;5
9e7c0575-72b1-4ed2-8374-338afb1439af;AZ;juror2;Mr. Tural Isa Bagmanov;IS;12
9e7c0575-6f3d-4fe1-a5fe-04524659611b;AZ;juror3;Mr. Azer Rauf Aydemir;IS;10
9e7c0575-70a4-4bf8-b19b-f871d193bba2;AZ;juror4;Mr. Ramil Adigozal Gasimov;IS;12
9e7c0575-714e-4776-97b6-6788a0635c21;AZ;juror5;Mrs. Ulviyya Firudin Babirli;IS;9
9e7c0575-c432-45dd-b25e-bf5d5ab1975b;IS;juror1;Mrs. Hulda Geirsdottir;PL;2
9e7c0575-c391-43c4-bcdd-91344e7e0aee;IS;juror2;Mr. Sindri Astmarsson;PL;14
9e7c0575-c246-4245-8257-2ab5093eee79;IS;juror3;Mrs. Anita Ros _orsteinsdottir;PL;9
9e7c0575-c4dd-435f-8414-24cbf63ca665;IS;juror4;Mr. Bjarni Arason;PL;8
9e7c0575-c2e6-4aa9-8bad-065872a1e071;IS;juror5;Mr. Andri _or Jonsson;PL;8
9e7c0575-d6e7-40dc-82fd-9a132598d9e2;IT;juror1;Mr. DIEGO CALVETTI;PL;9
9e7c0575-d63e-4f61-89f1-42f9c12f0dca;IT;juror2;Mrs. MANOLA MOSLEHI;PL;13
9e7c0575-d795-499d-bbd4-15fc0f6d3d3d;IT;juror3;Mr. MATTIA MARZI;PL;6
9e7c0575-d90d-419a-8cd7-c5e1aa439cb8;IT;juror4;Mrs. GIULIA AUSANI;PL;10
9e7c0575-d855-44df-bac8-19bbe7b8bd41;IT;juror5;Mr. SALVATORE CARUSOTTO;PL;6
9e7c0576-34f3-4a58-8ce9-44d707ffadef;SE;juror1;Mr. Michael Lennart Cederberg;PL;9
9e7c0576-35a1-45db-ab88-eceff22801dc;SE;juror2;Mrs. Anna Charlotta Gunnarson;PL;5
9e7c0576-3649-4cdb-8f38-9879683c05d8;SE;juror3;Mrs. Amanda Josefina Elisabeth Nordelius;PL;11
9e7c0576-3795-4148-bec1-dedc2c7b2571;SE;juror4;Mr. Kenny Krister Kevin Lantz;PL;6
9e7c0576-36eb-480a-b059-e86a2f76ed24;SE;juror5;Mr. Theodor Jan Haraldsson;PL;11
9e7c0575-fede-4d9e-85fc-82f4fd9e0c34;NO;juror1;Mr. Stian Tangerud;PL;6
9e7c0576-0027-4fcf-807e-363f1659c48e;NO;juror2;Mrs. Reidun Sather;PL;12
9e7c0576-019a-459d-a0ac-fd5154a1bc5a;NO;juror3;Mr. Kristian Kristensen;PL;11
9e7c0576-00df-442f-b2ae-93b7b60abefc;NO;juror4;Ms. Vanessa Joana Hutel Kure;PL;11
9e7c0575-ff89-421b-a1e0-0f70c22892fb;NO;juror5;Mrs. Iris Severin O. Mikalsen;PL;10
9e7c0576-3e72-4af3-b431-b92bf207627c;CH;juror1;Mr. Cyrill Camenzind;PL;14
9e7c0576-3ba9-464f-8b6e-be2d4964dcea;CH;juror2;Mrs. Tiffany Athena Limacher;PL;13
9e7c0576-3c63-414f-b115-e86cdf2a15c5;CH;juror3;Mr. Giordano Tatum Rush;PL;10
9e7c0576-3d0a-4fbb-9048-294699aeb1d4;CH;juror4;Mrs. Gabriela Mennel;PL;10
9e7c0576-3dbc-41a2-9a18-e6107e1e88a8;CH;juror5;Mrs. Mary Clapasson;PL;5
9e7c0575-765a-414d-8070-fcbf903bf9a4;BE;juror1;Mr. Xavier Taveirne;PL;5
9e7c0575-791f-410f-b735-162feb679931;BE;juror2;Mr. Indy Van Cauwenberg;PL;6
9e7c0575-786a-42f6-bb0b-8f7e1fe9afdd;BE;juror3;Mrs. Noemie Wolfs;PL;2
9e7c0575-79c7-44c3-9bc6-874f595fa260;BE;juror4;Mrs. Billie Leyers;PL;5
9e7c0575-77b1-4440-99bb-79c5cbef6660;BE;juror5;Mr. Hans Francken;PL;6
9e7c0575-997e-4901-9437-2d523824ba3e;EE;juror1;Mr. Indrek Sarrap;PL;12
9e7c0576-2f74-470b-87b5-112782ab4056;ES;juror1;Mrs. Ana Isabel Conde;PL;6
9e7c0576-3018-45b3-a8e6-6a3e849d1cba;ES;juror2;Mrs. Maria Melodia Perez Castillo;PL;3
9e7c0576-2e1c-4328-acf4-3c8751b3ffb0;ES;juror3;Mr. Javier Pageo NicoAs;PL;8
9e7c0576-30b9-43fd-832e-3dd447b511fa;ES;juror4;Mrs. Irene Garrido Minano;PL;14
9e7c0576-2ec7-4fe2-a2d4-82739d9b0016;ES;juror5;Mr. Javier Llano Abril;PL;5
9e7c0576-2973-4d1d-bfaf-c6b5b6388964;SI;juror1;Mr. Gregor Starsbergar;PL;10
9e7c0576-2827-4002-9e57-03d49062212e;SI;juror2;Mrs. Ana Sokli;PL;9
9e7c0575-8445-4762-acb3-e9c7ed101e88;CY;juror1;Mrs. Maria Hari;PL;14
9e7c0576-28cf-4f3a-af2f-4db6490fd3f1;SI;juror3;Mr. Jon Vitezi;PL;9
9e7c0576-2a0f-45d9-9c9f-01d2aee39208;SI;juror4;Mr. Urban Koritnik;PL;8
9e7c0576-277c-4cdf-8555-64d8ddbaf223;SI;juror5;Mrs. Eva Boto;PL;6
9e7c0575-85a6-4f10-b0a5-669d67353f50;CY;juror2;Mr. Michael Messios;PL;14
9e7c0575-864c-415b-aaf3-3c41228c1eb4;CY;juror3;Mrs. Chariklia Strouthou;PL;7
9e7c0575-84fa-4409-818a-706de703476a;CY;juror4;Mr. Charis Savva;PL;7
9e7c0575-8705-4386-92d8-eb8f1154b15e;CY;juror5;Mrs. Helena Olympiou;PL;13
9e7c0575-9a36-48a8-8be1-b1d613bb426c;EE;juror2;Mrs. Alika Milova;PL;7
9e7c0575-9ae0-4752-a007-26dd5208389c;EE;juror3;Mr. Ott Lepland;PL;9
9e7c0575-9b93-45ca-a954-16adf28ba87e;EE;juror4;Mr. Owe Petersell;PL;7
9e7c0575-9c3e-4301-a0cc-0c6f874f9c46;EE;juror5;Mrs. Elina Nechayeva;PL;4
9e7c0576-1424-496b-9d27-c7130a9f06e1;PT;juror1;Mr. Alexandre Manuel Valerio Mesquita Guimaraes;PL;9
9e7c0576-1576-4f86-9223-84acf83449f7;PT;juror2;Mr. Alberto HernAndez Seruca;PL;9
9e7c0576-137d-45e8-a4f8-10d16d40bf49;PT;juror3;Mrs. Lia Isabel Pereira;PL;2
9e7c0576-161e-4959-9963-3d59611725fa;PT;juror4;Mr. Luis Oliveira Nunes;PL;4
9e7c0576-1762-4d39-b9d6-a63f0f8acb11;PT;juror5;Mrs. NAdia Lima Pereira;PL;14
9e7c0576-1a28-4938-a501-a2c56d0b05a1;SM;juror1;Mr. Fabrizio Raggi;PL;12
9e7c0576-1aca-4417-89cc-e6defb1448c1;SM;juror2;Mrs. Olivia Marani;PL;13
9e7c0576-1b72-486d-9c80-21d576ca947a;SM;juror3;Mrs. Sofia Toccaceli;PL;14
9e7c0576-1c12-4c15-8d11-686bf7e9b104;SM;juror4;Mr. Alessandro Riccardi;PL;12
9e7c0576-1cb9-45eb-98fb-919ed01863a5;SM;juror5;Mr. Piermatteo Carattoni;PL;13
9e7c0575-f815-41f4-a7ba-ad5eeb3ba06b;NL;juror1;Mr. Frits Ritmeester;PL;12
9e7c0575-fa13-4c23-9e91-8c94ef3176dd;NL;juror2;Mrs. Quinty Mesiedjan;PL;10
9e7c0575-f8ca-4baf-a7c6-d3de00dc6c7c;NL;juror3;Mr. Dennis van Leeuwen;PL;12
9e7c0575-f96d-46f7-9b48-c0092e163ac9;NL;juror4;Mr. Ronald de Bas;PL;11
9e7c0575-fabe-4274-b5fd-bf5f776eda4f;NL;juror5;Mrs. Gaia Tiana Marlene Aikman;PL;2
9e7c0576-0fc6-4a50-ba8f-a1486572941f;PL;juror1;Mr. Krystian Ochman;PL;0
9e7c0576-0f1f-4fc0-8f5b-902167f9d477;PL;juror2;Ms. Tycjana Acquasanta;PL;0
9e7c0576-0d16-4ff3-bc12-eac45d1341de;PL;juror3;Mrs. Katarzyna Walczak;PL;0
9e7c0576-0c69-4624-948a-29e299b7d87e;PL;juror4;Mrs. Anna Jurksztowicz;PL;0
9e7c0576-0dc6-4179-9024-3386b489a876;PL;juror5;Mr. Jan Stokosa;PL;0
9e7c0576-42b8-42b1-9187-b0933c023103;UA;juror1;Mr. Dmytro Shurov;PL;8
9e7c0576-4613-436b-84d6-661906eed597;UA;juror2;Mrs. Olena Shoptenko-Ivanova;PL;9
9e7c0576-4566-4ca5-ae57-92bc7d179d8b;UA;juror3;Mrs. Kateryna Pavlenko;PL;12
9e7c0576-4369-4830-8948-22d51da12cb3;UA;juror4;Mr. KOSTIANTYN BOCHAROV;PL;9
9e7c0576-46b1-4438-b326-0c3f30cc4c9c;UA;juror5;Mrs. Tetiana Reshetniak;PL;7
9e7c0575-570f-40ce-81c6-6b1423db9eac;AL;juror5;Mrs. Mikaela Minga;PL;14
9e7c0575-53e0-4672-8049-fc3a897b4413;AL;juror3;Mr. Alfred Kacinari;PL;14
9e7c0575-548c-4cff-a071-056cd8c5d341;AL;juror2;Mr. Shpetim Saraci;PL;14
9e7c0575-552a-4e3a-bb15-4590a26e956c;AL;juror1;Mrs. Blerta Ristani;PL;11
9e7c0575-5325-487e-9c41-f0892b1c01e6;AL;juror4;Mr. Ylljet Alicka;PL;7
9e7c0575-7d41-46d1-9b79-ed9443932c62;HR;juror1;Mr. Niksa Bratos;PL;3
9e7c0575-7f5d-4953-9dd9-0e42dd6670f7;HR;juror2;Mr. Miroslav Lesi;PL;10
9e7c0575-7ea0-4895-b9eb-a3b2b8601131;HR;juror3;Mrs. Monika Lelas Halambek;PL;11
9e7c0575-7df6-420c-be71-ab67f059cac9;HR;juror4;Mrs. Antonela Doko;PL;8
9e7c0575-800b-4237-9ed9-c880d770d545;HR;juror5;Mrs. Mia Elizabeta Negoveti;PL;7
9e7c0575-6fea-43be-92e2-1b6a8b8a3788;AZ;juror1;Mrs. Ulviyya Ogtay Kerimova;PL;11
9e7c0575-72b1-4ed2-8374-338afb1439af;AZ;juror2;Mr. Tural Isa Bagmanov;PL;14
9e7c0575-6f3d-4fe1-a5fe-04524659611b;AZ;juror3;Mr. Azer Rauf Aydemir;PL;12
9e7c0575-70a4-4bf8-b19b-f871d193bba2;AZ;juror4;Mr. Ramil Adigozal Gasimov;PL;10
9e7c0575-714e-4776-97b6-6788a0635c21;AZ;juror5;Mrs. Ulviyya Firudin Babirli;PL;3
9e7c0575-c432-45dd-b25e-bf5d5ab1975b;IS;juror1;Mrs. Hulda Geirsdottir;SI;7
9e7c0575-c391-43c4-bcdd-91344e7e0aee;IS;juror2;Mr. Sindri Astmarsson;SI;9
9e7c0575-c246-4245-8257-2ab5093eee79;IS;juror3;Mrs. Anita Ros _orsteinsdottir;SI;12
9e7c0575-c4dd-435f-8414-24cbf63ca665;IS;juror4;Mr. Bjarni Arason;SI;7
9e7c0575-c2e6-4aa9-8bad-065872a1e071;IS;juror5;Mr. Andri _or Jonsson;SI;9
9e7c0575-d6e7-40dc-82fd-9a132598d9e2;IT;juror1;Mr. DIEGO CALVETTI;SI;11
9e7c0575-d63e-4f61-89f1-42f9c12f0dca;IT;juror2;Mrs. MANOLA MOSLEHI;SI;6
9e7c0575-d795-499d-bbd4-15fc0f6d3d3d;IT;juror3;Mr. MATTIA MARZI;SI;11
9e7c0575-d90d-419a-8cd7-c5e1aa439cb8;IT;juror4;Mrs. GIULIA AUSANI;SI;13
9e7c0575-d855-44df-bac8-19bbe7b8bd41;IT;juror5;Mr. SALVATORE CARUSOTTO;SI;7
9e7c0576-34f3-4a58-8ce9-44d707ffadef;SE;juror1;Mr. Michael Lennart Cederberg;SI;6
9e7c0576-35a1-45db-ab88-eceff22801dc;SE;juror2;Mrs. Anna Charlotta Gunnarson;SI;13
9e7c0576-3649-4cdb-8f38-9879683c05d8;SE;juror3;Mrs. Amanda Josefina Elisabeth Nordelius;SI;8
9e7c0576-3795-4148-bec1-dedc2c7b2571;SE;juror4;Mr. Kenny Krister Kevin Lantz;SI;8
9e7c0576-36eb-480a-b059-e86a2f76ed24;SE;juror5;Mr. Theodor Jan Haraldsson;SI;5
9e7c0575-fede-4d9e-85fc-82f4fd9e0c34;NO;juror1;Mr. Stian Tangerud;SI;8
9e7c0576-0027-4fcf-807e-363f1659c48e;NO;juror2;Mrs. Reidun Sather;SI;5
9e7c0576-019a-459d-a0ac-fd5154a1bc5a;NO;juror3;Mr. Kristian Kristensen;SI;9
9e7c0576-00df-442f-b2ae-93b7b60abefc;NO;juror4;Ms. Vanessa Joana Hutel Kure;SI;7
9e7c0575-ff89-421b-a1e0-0f70c22892fb;NO;juror5;Mrs. Iris Severin O. Mikalsen;SI;7
9e7c0576-3e72-4af3-b431-b92bf207627c;CH;juror1;Mr. Cyrill Camenzind;SI;12
9e7c0576-3ba9-464f-8b6e-be2d4964dcea;CH;juror2;Mrs. Tiffany Athena Limacher;SI;4
9e7c0576-3c63-414f-b115-e86cdf2a15c5;CH;juror3;Mr. Giordano Tatum Rush;SI;12
9e7c0576-3d0a-4fbb-9048-294699aeb1d4;CH;juror4;Mrs. Gabriela Mennel;SI;9
9e7c0576-3dbc-41a2-9a18-e6107e1e88a8;CH;juror5;Mrs. Mary Clapasson;SI;9
9e7c0575-765a-414d-8070-fcbf903bf9a4;BE;juror1;Mr. Xavier Taveirne;SI;8
9e7c0575-791f-410f-b735-162feb679931;BE;juror2;Mr. Indy Van Cauwenberg;SI;5
9e7c0575-786a-42f6-bb0b-8f7e1fe9afdd;BE;juror3;Mrs. Noemie Wolfs;SI;7
9e7c0575-79c7-44c3-9bc6-874f595fa260;BE;juror4;Mrs. Billie Leyers;SI;11
9e7c0575-77b1-4440-99bb-79c5cbef6660;BE;juror5;Mr. Hans Francken;SI;7
9e7c0575-997e-4901-9437-2d523824ba3e;EE;juror1;Mr. Indrek Sarrap;SI;4
9e7c0576-2f74-470b-87b5-112782ab4056;ES;juror1;Mrs. Ana Isabel Conde;SI;7
9e7c0576-3018-45b3-a8e6-6a3e849d1cba;ES;juror2;Mrs. Maria Melodia Perez Castillo;SI;7
9e7c0576-2e1c-4328-acf4-3c8751b3ffb0;ES;juror3;Mr. Javier Pageo NicoAs;SI;4
9e7c0576-30b9-43fd-832e-3dd447b511fa;ES;juror4;Mrs. Irene Garrido Minano;SI;8
9e7c0576-2ec7-4fe2-a2d4-82739d9b0016;ES;juror5;Mr. Javier Llano Abril;SI;1
9e7c0576-2973-4d1d-bfaf-c6b5b6388964;SI;juror1;Mr. Gregor Starsbergar;SI;0
9e7c0576-2827-4002-9e57-03d49062212e;SI;juror2;Mrs. Ana Sokli;SI;0
9e7c0575-8445-4762-acb3-e9c7ed101e88;CY;juror1;Mrs. Maria Hari;SI;3
9e7c0576-28cf-4f3a-af2f-4db6490fd3f1;SI;juror3;Mr. Jon Vitezi;SI;0
9e7c0576-2a0f-45d9-9c9f-01d2aee39208;SI;juror4;Mr. Urban Koritnik;SI;0
9e7c0576-277c-4cdf-8555-64d8ddbaf223;SI;juror5;Mrs. Eva Boto;SI;0
9e7c0575-85a6-4f10-b0a5-669d67353f50;CY;juror2;Mr. Michael Messios;SI;6
9e7c0575-864c-415b-aaf3-3c41228c1eb4;CY;juror3;Mrs. Chariklia Strouthou;SI;2
9e7c0575-84fa-4409-818a-706de703476a;CY;juror4;Mr. Charis Savva;SI;6
9e7c0575-8705-4386-92d8-eb8f1154b15e;CY;juror5;Mrs. Helena Olympiou;SI;12
9e7c0575-9a36-48a8-8be1-b1d613bb426c;EE;juror2;Mrs. Alika Milova;SI;3
9e7c0575-9ae0-4752-a007-26dd5208389c;EE;juror3;Mr. Ott Lepland;SI;3
9e7c0575-9b93-45ca-a954-16adf28ba87e;EE;juror4;Mr. Owe Petersell;SI;5
9e7c0575-9c3e-4301-a0cc-0c6f874f9c46;EE;juror5;Mrs. Elina Nechayeva;SI;6
9e7c0576-1424-496b-9d27-c7130a9f06e1;PT;juror1;Mr. Alexandre Manuel Valerio Mesquita Guimaraes;SI;12
9e7c0576-1576-4f86-9223-84acf83449f7;PT;juror2;Mr. Alberto HernAndez Seruca;SI;14
9e7c0576-137d-45e8-a4f8-10d16d40bf49;PT;juror3;Mrs. Lia Isabel Pereira;SI;14
9e7c0576-161e-4959-9963-3d59611725fa;PT;juror4;Mr. Luis Oliveira Nunes;SI;13
9e7c0576-1762-4d39-b9d6-a63f0f8acb11;PT;juror5;Mrs. NAdia Lima Pereira;SI;6
9e7c0576-1a28-4938-a501-a2c56d0b05a1;SM;juror1;Mr. Fabrizio Raggi;SI;8
9e7c0576-1aca-4417-89cc-e6defb1448c1;SM;juror2;Mrs. Olivia Marani;SI;9
9e7c0576-1b72-486d-9c80-21d576ca947a;SM;juror3;Mrs. Sofia Toccaceli;SI;2
9e7c0576-1c12-4c15-8d11-686bf7e9b104;SM;juror4;Mr. Alessandro Riccardi;SI;4
9e7c0576-1cb9-45eb-98fb-919ed01863a5;SM;juror5;Mr. Piermatteo Carattoni;SI;1
9e7c0575-f815-41f4-a7ba-ad5eeb3ba06b;NL;juror1;Mr. Frits Ritmeester;SI;2
9e7c0575-fa13-4c23-9e91-8c94ef3176dd;NL;juror2;Mrs. Quinty Mesiedjan;SI;9
9e7c0575-f8ca-4baf-a7c6-d3de00dc6c7c;NL;juror3;Mr. Dennis van Leeuwen;SI;7
9e7c0575-f96d-46f7-9b48-c0092e163ac9;NL;juror4;Mr. Ronald de Bas;SI;4
9e7c0575-fabe-4274-b5fd-bf5f776eda4f;NL;juror5;Mrs. Gaia Tiana Marlene Aikman;SI;7
9e7c0576-0fc6-4a50-ba8f-a1486572941f;PL;juror1;Mr. Krystian Ochman;SI;3
9e7c0576-0f1f-4fc0-8f5b-902167f9d477;PL;juror2;Ms. Tycjana Acquasanta;SI;12
9e7c0576-0d16-4ff3-bc12-eac45d1341de;PL;juror3;Mrs. Katarzyna Walczak;SI;6
9e7c0576-0c69-4624-948a-29e299b7d87e;PL;juror4;Mrs. Anna Jurksztowicz;SI;6
9e7c0576-0dc6-4179-9024-3386b489a876;PL;juror5;Mr. Jan Stokosa;SI;4
9e7c0576-42b8-42b1-9187-b0933c023103;UA;juror1;Mr. Dmytro Shurov;SI;7
9e7c0576-4613-436b-84d6-661906eed597;UA;juror2;Mrs. Olena Shoptenko-Ivanova;SI;3
9e7c0576-4566-4ca5-ae57-92bc7d179d8b;UA;juror3;Mrs. Kateryna Pavlenko;SI;9
9e7c0576-4369-4830-8948-22d51da12cb3;UA;juror4;Mr. KOSTIANTYN BOCHAROV;SI;5
9e7c0576-46b1-4438-b326-0c3f30cc4c9c;UA;juror5;Mrs. Tetiana Reshetniak;SI;12
9e7c0575-570f-40ce-81c6-6b1423db9eac;AL;juror5;Mrs. Mikaela Minga;SI;10
9e7c0575-53e0-4672-8049-fc3a897b4413;AL;juror3;Mr. Alfred Kacinari;SI;13
9e7c0575-548c-4cff-a071-056cd8c5d341;AL;juror2;Mr. Shpetim Saraci;SI;8
9e7c0575-552a-4e3a-bb15-4590a26e956c;AL;juror1;Mrs. Blerta Ristani;SI;10
9e7c0575-5325-487e-9c41-f0892b1c01e6;AL;juror4;Mr. Ylljet Alicka;SI;1
9e7c0575-7d41-46d1-9b79-ed9443932c62;HR;juror1;Mr. Niksa Bratos;SI;2
9e7c0575-7f5d-4953-9dd9-0e42dd6670f7;HR;juror2;Mr. Miroslav Lesi;SI;2
9e7c0575-7ea0-4895-b9eb-a3b2b8601131;HR;juror3;Mrs. Monika Lelas Halambek;SI;2
9e7c0575-7df6-420c-be71-ab67f059cac9;HR;juror4;Mrs. Antonela Doko;SI;3
9e7c0575-800b-4237-9ed9-c880d770d545;HR;juror5;Mrs. Mia Elizabeta Negoveti;SI;5
9e7c0575-6fea-43be-92e2-1b6a8b8a3788;AZ;juror1;Mrs. Ulviyya Ogtay Kerimova;SI;2
9e7c0575-72b1-4ed2-8374-338afb1439af;AZ;juror2;Mr. Tural Isa Bagmanov;SI;2
9e7c0575-6f3d-4fe1-a5fe-04524659611b;AZ;juror3;Mr. Azer Rauf Aydemir;SI;9
9e7c0575-70a4-4bf8-b19b-f871d193bba2;AZ;juror4;Mr. Ramil Adigozal Gasimov;SI;8
9e7c0575-714e-4776-97b6-6788a0635c21;AZ;juror5;Mrs. Ulviyya Firudin Babirli;SI;1
9e7c0575-c432-45dd-b25e-bf5d5ab1975b;IS;juror1;Mrs. Hulda Geirsdottir;EE;12
9e7c0575-c391-43c4-bcdd-91344e7e0aee;IS;juror2;Mr. Sindri Astmarsson;EE;10
9e7c0575-c246-4245-8257-2ab5093eee79;IS;juror3;Mrs. Anita Ros _orsteinsdottir;EE;4
9e7c0575-c4dd-435f-8414-24cbf63ca665;IS;juror4;Mr. Bjarni Arason;EE;2
9e7c0575-c2e6-4aa9-8bad-065872a1e071;IS;juror5;Mr. Andri _or Jonsson;EE;2
9e7c0575-d6e7-40dc-82fd-9a132598d9e2;IT;juror1;Mr. DIEGO CALVETTI;EE;2
9e7c0575-d63e-4f61-89f1-42f9c12f0dca;IT;juror2;Mrs. MANOLA MOSLEHI;EE;1
9e7c0575-d795-499d-bbd4-15fc0f6d3d3d;IT;juror3;Mr. MATTIA MARZI;EE;2
9e7c0575-d90d-419a-8cd7-c5e1aa439cb8;IT;juror4;Mrs. GIULIA AUSANI;EE;4
9e7c0575-d855-44df-bac8-19bbe7b8bd41;IT;juror5;Mr. SALVATORE CARUSOTTO;EE;10
9e7c0576-34f3-4a58-8ce9-44d707ffadef;SE;juror1;Mr. Michael Lennart Cederberg;EE;2
9e7c0576-35a1-45db-ab88-eceff22801dc;SE;juror2;Mrs. Anna Charlotta Gunnarson;EE;12
9e7c0576-3649-4cdb-8f38-9879683c05d8;SE;juror3;Mrs. Amanda Josefina Elisabeth Nordelius;EE;3
9e7c0576-3795-4148-bec1-dedc2c7b2571;SE;juror4;Mr. Kenny Krister Kevin Lantz;EE;3
9e7c0576-36eb-480a-b059-e86a2f76ed24;SE;juror5;Mr. Theodor Jan Haraldsson;EE;9
9e7c0575-fede-4d9e-85fc-82f4fd9e0c34;NO;juror1;Mr. Stian Tangerud;EE;1
9e7c0576-0027-4fcf-807e-363f1659c48e;NO;juror2;Mrs. Reidun Sather;EE;3
9e7c0576-019a-459d-a0ac-fd5154a1bc5a;NO;juror3;Mr. Kristian Kristensen;EE;5
9e7c0576-00df-442f-b2ae-93b7b60abefc;NO;juror4;Ms. Vanessa Joana Hutel Kure;EE;2
9e7c0575-ff89-421b-a1e0-0f70c22892fb;NO;juror5;Mrs. Iris Severin O. Mikalsen;EE;2
9e7c0576-3e72-4af3-b431-b92bf207627c;CH;juror1;Mr. Cyrill Camenzind;EE;13
9e7c0576-3ba9-464f-8b6e-be2d4964dcea;CH;juror2;Mrs. Tiffany Athena Limacher;EE;10
9e7c0576-3c63-414f-b115-e86cdf2a15c5;CH;juror3;Mr. Giordano Tatum Rush;EE;1
9e7c0576-3d0a-4fbb-9048-294699aeb1d4;CH;juror4;Mrs. Gabriela Mennel;EE;4
9e7c0576-3dbc-41a2-9a18-e6107e1e88a8;CH;juror5;Mrs. Mary Clapasson;EE;3
9e7c0575-765a-414d-8070-fcbf903bf9a4;BE;juror1;Mr. Xavier Taveirne;EE;7
9e7c0575-791f-410f-b735-162feb679931;BE;juror2;Mr. Indy Van Cauwenberg;EE;1
9e7c0575-786a-42f6-bb0b-8f7e1fe9afdd;BE;juror3;Mrs. Noemie Wolfs;EE;1
9e7c0575-79c7-44c3-9bc6-874f595fa260;BE;juror4;Mrs. Billie Leyers;EE;2
9e7c0575-77b1-4440-99bb-79c5cbef6660;BE;juror5;Mr. Hans Francken;EE;8
9e7c0575-997e-4901-9437-2d523824ba3e;EE;juror1;Mr. Indrek Sarrap;EE;0
9e7c0576-2f74-470b-87b5-112782ab4056;ES;juror1;Mrs. Ana Isabel Conde;EE;14
9e7c0576-3018-45b3-a8e6-6a3e849d1cba;ES;juror2;Mrs. Maria Melodia Perez Castillo;EE;13
9e7c0576-2e1c-4328-acf4-3c8751b3ffb0;ES;juror3;Mr. Javier Pageo NicoAs;EE;10
9e7c0576-30b9-43fd-832e-3dd447b511fa;ES;juror4;Mrs. Irene Garrido Minano;EE;10
9e7c0576-2ec7-4fe2-a2d4-82739d9b0016;ES;juror5;Mr. Javier Llano Abril;EE;8
9e7c0576-2973-4d1d-bfaf-c6b5b6388964;SI;juror1;Mr. Gregor Starsbergar;EE;2
9e7c0576-2827-4002-9e57-03d49062212e;SI;juror2;Mrs. Ana Sokli;EE;3
9e7c0575-8445-4762-acb3-e9c7ed101e88;CY;juror1;Mrs. Maria Hari;EE;8
9e7c0576-28cf-4f3a-af2f-4db6490fd3f1;SI;juror3;Mr. Jon Vitezi;EE;1
9e7c0576-2a0f-45d9-9c9f-01d2aee39208;SI;juror4;Mr. Urban Koritnik;EE;1
9e7c0576-277c-4cdf-8555-64d8ddbaf223;SI;juror5;Mrs. Eva Boto;EE;3
9e7c0575-85a6-4f10-b0a5-669d67353f50;CY;juror2;Mr. Michael Messios;EE;12
9e7c0575-864c-415b-aaf3-3c41228c1eb4;CY;juror3;Mrs. Chariklia Strouthou;EE;11
9e7c0575-84fa-4409-818a-706de703476a;CY;juror4;Mr. Charis Savva;EE;4
9e7c0575-8705-4386-92d8-eb8f1154b15e;CY;juror5;Mrs. Helena Olympiou;EE;6
9e7c0575-9a36-48a8-8be1-b1d613bb426c;EE;juror2;Mrs. Alika Milova;EE;0
9e7c0575-9ae0-4752-a007-26dd5208389c;EE;juror3;Mr. Ott Lepland;EE;0
9e7c0575-9b93-45ca-a954-16adf28ba87e;EE;juror4;Mr. Owe Petersell;EE;0
9e7c0575-9c3e-4301-a0cc-0c6f874f9c46;EE;juror5;Mrs. Elina Nechayeva;EE;0
9e7c0576-1424-496b-9d27-c7130a9f06e1;PT;juror1;Mr. Alexandre Manuel Valerio Mesquita Guimaraes;EE;2
9e7c0576-1576-4f86-9223-84acf83449f7;PT;juror2;Mr. Alberto HernAndez Seruca;EE;2
9e7c0576-137d-45e8-a4f8-10d16d40bf49;PT;juror3;Mrs. Lia Isabel Pereira;EE;10
9e7c0576-161e-4959-9963-3d59611725fa;PT;juror4;Mr. Luis Oliveira Nunes;EE;5
9e7c0576-1762-4d39-b9d6-a63f0f8acb11;PT;juror5;Mrs. NAdia Lima Pereira;EE;10
9e7c0576-1a28-4938-a501-a2c56d0b05a1;SM;juror1;Mr. Fabrizio Raggi;EE;1
9e7c0576-1aca-4417-89cc-e6defb1448c1;SM;juror2;Mrs. Olivia Marani;EE;4
9e7c0576-1b72-486d-9c80-21d576ca947a;SM;juror3;Mrs. Sofia Toccaceli;EE;4
9e7c0576-1c12-4c15-8d11-686bf7e9b104;SM;juror4;Mr. Alessandro Riccardi;EE;5
9e7c0576-1cb9-45eb-98fb-919ed01863a5;SM;juror5;Mr. Piermatteo Carattoni;EE;5
9e7c0575-f815-41f4-a7ba-ad5eeb3ba06b;NL;juror1;Mr. Frits Ritmeester;EE;3
9e7c0575-fa13-4c23-9e91-8c94ef3176dd;NL;juror2;Mrs. Quinty Mesiedjan;EE;4
9e7c0575-f8ca-4baf-a7c6-d3de00dc6c7c;NL;juror3;Mr. Dennis van Leeuwen;EE;3
9e7c0575-f96d-46f7-9b48-c0092e163ac9;NL;juror4;Mr. Ronald de Bas;EE;10
9e7c0575-fabe-4274-b5fd-bf5f776eda4f;NL;juror5;Mrs. Gaia Tiana Marlene Aikman;EE;4
9e7c0576-0fc6-4a50-ba8f-a1486572941f;PL;juror1;Mr. Krystian Ochman;EE;14
9e7c0576-0f1f-4fc0-8f5b-902167f9d477;PL;juror2;Ms. Tycjana Acquasanta;EE;1
9e7c0576-0d16-4ff3-bc12-eac45d1341de;PL;juror3;Mrs. Katarzyna Walczak;EE;8
9e7c0576-0c69-4624-948a-29e299b7d87e;PL;juror4;Mrs. Anna Jurksztowicz;EE;5
9e7c0576-0dc6-4179-9024-3386b489a876;PL;juror5;Mr. Jan Stokosa;EE;1
9e7c0576-42b8-42b1-9187-b0933c023103;UA;juror1;Mr. Dmytro Shurov;EE;2
9e7c0576-4613-436b-84d6-661906eed597;UA;juror2;Mrs. Olena Shoptenko-Ivanova;EE;1
9e7c0576-4566-4ca5-ae57-92bc7d179d8b;UA;juror3;Mrs. Kateryna Pavlenko;EE;1
9e7c0576-4369-4830-8948-22d51da12cb3;UA;juror4;Mr. KOSTIANTYN BOCHAROV;EE;1
9e7c0576-46b1-4438-b326-0c3f30cc4c9c;UA;juror5;Mrs. Tetiana Reshetniak;EE;3
9e7c0575-570f-40ce-81c6-6b1423db9eac;AL;juror5;Mrs. Mikaela Minga;EE;12
9e7c0575-53e0-4672-8049-fc3a897b4413;AL;juror3;Mr. Alfred Kacinari;EE;8
9e7c0575-548c-4cff-a071-056cd8c5d341;AL;juror2;Mr. Shpetim Saraci;EE;13
9e7c0575-552a-4e3a-bb15-4590a26e956c;AL;juror1;Mrs. Blerta Ristani;EE;12
9e7c0575-5325-487e-9c41-f0892b1c01e6;AL;juror4;Mr. Ylljet Alicka;EE;11
9e7c0575-7d41-46d1-9b79-ed9443932c62;HR;juror1;Mr. Niksa Bratos;EE;10
9e7c0575-7f5d-4953-9dd9-0e42dd6670f7;HR;juror2;Mr. Miroslav Lesi;EE;1
9e7c0575-7ea0-4895-b9eb-a3b2b8601131;HR;juror3;Mrs. Monika Lelas Halambek;EE;3
9e7c0575-7df6-420c-be71-ab67f059cac9;HR;juror4;Mrs. Antonela Doko;EE;4
9e7c0575-800b-4237-9ed9-c880d770d545;HR;juror5;Mrs. Mia Elizabeta Negoveti;EE;3
9e7c0575-6fea-43be-92e2-1b6a8b8a3788;AZ;juror1;Mrs. Ulviyya Ogtay Kerimova;EE;14
9e7c0575-72b1-4ed2-8374-338afb1439af;AZ;juror2;Mr. Tural Isa Bagmanov;EE;8
9e7c0575-6f3d-4fe1-a5fe-04524659611b;AZ;juror3;Mr. Azer Rauf Aydemir;EE;1
9e7c0575-70a4-4bf8-b19b-f871d193bba2;AZ;juror4;Mr. Ramil Adigozal Gasimov;EE;14
9e7c0575-714e-4776-97b6-6788a0635c21;AZ;juror5;Mrs. Ulviyya Firudin Babirli;EE;2
9e7c0575-c432-45dd-b25e-bf5d5ab1975b;IS;juror1;Mrs. Hulda Geirsdottir;UA;6
9e7c0575-c391-43c4-bcdd-91344e7e0aee;IS;juror2;Mr. Sindri Astmarsson;UA;11
9e7c0575-c246-4245-8257-2ab5093eee79;IS;juror3;Mrs. Anita Ros _orsteinsdottir;UA;8
9e7c0575-c4dd-435f-8414-24cbf63ca665;IS;juror4;Mr. Bjarni Arason;UA;12
9e7c0575-c2e6-4aa9-8bad-065872a1e071;IS;juror5;Mr. Andri _or Jonsson;UA;13
9e7c0575-d6e7-40dc-82fd-9a132598d9e2;IT;juror1;Mr. DIEGO CALVETTI;UA;1
9e7c0575-d63e-4f61-89f1-42f9c12f0dca;IT;juror2;Mrs. MANOLA MOSLEHI;UA;2
9e7c0575-d795-499d-bbd4-15fc0f6d3d3d;IT;juror3;Mr. MATTIA MARZI;UA;1
9e7c0575-d90d-419a-8cd7-c5e1aa439cb8;IT;juror4;Mrs. GIULIA AUSANI;UA;6
9e7c0575-d855-44df-bac8-19bbe7b8bd41;IT;juror5;Mr. SALVATORE CARUSOTTO;UA;1
9e7c0576-34f3-4a58-8ce9-44d707ffadef;SE;juror1;Mr. Michael Lennart Cederberg;UA;11
9e7c0576-35a1-45db-ab88-eceff22801dc;SE;juror2;Mrs. Anna Charlotta Gunnarson;UA;2
9e7c0576-3649-4cdb-8f38-9879683c05d8;SE;juror3;Mrs. Amanda Josefina Elisabeth Nordelius;UA;4
9e7c0576-3795-4148-bec1-dedc2c7b2571;SE;juror4;Mr. Kenny Krister Kevin Lantz;UA;9
9e7c0576-36eb-480a-b059-e86a2f76ed24;SE;juror5;Mr. Theodor Jan Haraldsson;UA;3
9e7c0575-fede-4d9e-85fc-82f4fd9e0c34;NO;juror1;Mr. Stian Tangerud;UA;7
9e7c0576-0027-4fcf-807e-363f1659c48e;NO;juror2;Mrs. Reidun Sather;UA;13
9e7c0576-019a-459d-a0ac-fd5154a1bc5a;NO;juror3;Mr. Kristian Kristensen;UA;1
9e7c0576-00df-442f-b2ae-93b7b60abefc;NO;juror4;Ms. Vanessa Joana Hutel Kure;UA;9
9e7c0575-ff89-421b-a1e0-0f70c22892fb;NO;juror5;Mrs. Iris Severin O. Mikalsen;UA;5
9e7c0576-3e72-4af3-b431-b92bf207627c;CH;juror1;Mr. Cyrill Camenzind;UA;8
9e7c0576-3ba9-464f-8b6e-be2d4964dcea;CH;juror2;Mrs. Tiffany Athena Limacher;UA;5
9e7c0576-3c63-414f-b115-e86cdf2a15c5;CH;juror3;Mr. Giordano Tatum Rush;UA;3
9e7c0576-3d0a-4fbb-9048-294699aeb1d4;CH;juror4;Mrs. Gabriela Mennel;UA;8
9e7c0576-3dbc-41a2-9a18-e6107e1e88a8;CH;juror5;Mrs. Mary Clapasson;UA;4
9e7c0575-765a-414d-8070-fcbf903bf9a4;BE;juror1;Mr. Xavier Taveirne;UA;13
9e7c0575-791f-410f-b735-162feb679931;BE;juror2;Mr. Indy Van Cauwenberg;UA;12
9e7c0575-786a-42f6-bb0b-8f7e1fe9afdd;BE;juror3;Mrs. Noemie Wolfs;UA;12
9e7c0575-79c7-44c3-9bc6-874f595fa260;BE;juror4;Mrs. Billie Leyers;UA;6
9e7c0575-77b1-4440-99bb-79c5cbef6660;BE;juror5;Mr. Hans Francken;UA;13
9e7c0575-997e-4901-9437-2d523824ba3e;EE;juror1;Mr. Indrek Sarrap;UA;2
9e7c0576-2f74-470b-87b5-112782ab4056;ES;juror1;Mrs. Ana Isabel Conde;UA;13
9e7c0576-3018-45b3-a8e6-6a3e849d1cba;ES;juror2;Mrs. Maria Melodia Perez Castillo;UA;1
9e7c0576-2e1c-4328-acf4-3c8751b3ffb0;ES;juror3;Mr. Javier Pageo NicoAs;UA;6
9e7c0576-30b9-43fd-832e-3dd447b511fa;ES;juror4;Mrs. Irene Garrido Minano;UA;4
9e7c0576-2ec7-4fe2-a2d4-82739d9b0016;ES;juror5;Mr. Javier Llano Abril;UA;10
9e7c0576-2973-4d1d-bfaf-c6b5b6388964;SI;juror1;Mr. Gregor Starsbergar;UA;9
9e7c0576-2827-4002-9e57-03d49062212e;SI;juror2;Mrs. Ana Sokli;UA;2
9e7c0575-8445-4762-acb3-e9c7ed101e88;CY;juror1;Mrs. Maria Hari;UA;12
9e7c0576-28cf-4f3a-af2f-4db6490fd3f1;SI;juror3;Mr. Jon Vitezi;UA;5
9e7c0576-2a0f-45d9-9c9f-01d2aee39208;SI;juror4;Mr. Urban Koritnik;UA;13
9e7c0576-277c-4cdf-8555-64d8ddbaf223;SI;juror5;Mrs. Eva Boto;UA;8
9e7c0575-85a6-4f10-b0a5-669d67353f50;CY;juror2;Mr. Michael Messios;UA;2
9e7c0575-864c-415b-aaf3-3c41228c1eb4;CY;juror3;Mrs. Chariklia Strouthou;UA;10
9e7c0575-84fa-4409-818a-706de703476a;CY;juror4;Mr. Charis Savva;UA;12
9e7c0575-8705-4386-92d8-eb8f1154b15e;CY;juror5;Mrs. Helena Olympiou;UA;8
9e7c0575-9a36-48a8-8be1-b1d613bb426c;EE;juror2;Mrs. Alika Milova;UA;5
9e7c0575-9ae0-4752-a007-26dd5208389c;EE;juror3;Mr. Ott Lepland;UA;6
9e7c0575-9b93-45ca-a954-16adf28ba87e;EE;juror4;Mr. Owe Petersell;UA;1
9e7c0575-9c3e-4301-a0cc-0c6f874f9c46;EE;juror5;Mrs. Elina Nechayeva;UA;8
9e7c0576-1424-496b-9d27-c7130a9f06e1;PT;juror1;Mr. Alexandre Manuel Valerio Mesquita Guimaraes;UA;3
9e7c0576-1576-4f86-9223-84acf83449f7;PT;juror2;Mr. Alberto HernAndez Seruca;UA;1
9e7c0576-137d-45e8-a4f8-10d16d40bf49;PT;juror3;Mrs. Lia Isabel Pereira;UA;3
9e7c0576-161e-4959-9963-3d59611725fa;PT;juror4;Mr. Luis Oliveira Nunes;UA;1
9e7c0576-1762-4d39-b9d6-a63f0f8acb11;PT;juror5;Mrs. NAdia Lima Pereira;UA;2
9e7c0576-1a28-4938-a501-a2c56d0b05a1;SM;juror1;Mr. Fabrizio Raggi;UA;3
9e7c0576-1aca-4417-89cc-e6defb1448c1;SM;juror2;Mrs. Olivia Marani;UA;14
9e7c0576-1b72-486d-9c80-21d576ca947a;SM;juror3;Mrs. Sofia Toccaceli;UA;7
9e7c0576-1c12-4c15-8d11-686bf7e9b104;SM;juror4;Mr. Alessandro Riccardi;UA;2
9e7c0576-1cb9-45eb-98fb-919ed01863a5;SM;juror5;Mr. Piermatteo Carattoni;UA;9
9e7c0575-f815-41f4-a7ba-ad5eeb3ba06b;NL;juror1;Mr. Frits Ritmeester;UA;14
9e7c0575-fa13-4c23-9e91-8c94ef3176dd;NL;juror2;Mrs. Quinty Mesiedjan;UA;11
9e7c0575-f8ca-4baf-a7c6-d3de00dc6c7c;NL;juror3;Mr. Dennis van Leeuwen;UA;5
9e7c0575-f96d-46f7-9b48-c0092e163ac9;NL;juror4;Mr. Ronald de Bas;UA;5
9e7c0575-fabe-4274-b5fd-bf5f776eda4f;NL;juror5;Mrs. Gaia Tiana Marlene Aikman;UA;12
9e7c0576-0fc6-4a50-ba8f-a1486572941f;PL;juror1;Mr. Krystian Ochman;UA;6
9e7c0576-0f1f-4fc0-8f5b-902167f9d477;PL;juror2;Ms. Tycjana Acquasanta;UA;7
9e7c0576-0d16-4ff3-bc12-eac45d1341de;PL;juror3;Mrs. Katarzyna Walczak;UA;9
9e7c0576-0c69-4624-948a-29e299b7d87e;PL;juror4;Mrs. Anna Jurksztowicz;UA;8
9e7c0576-0dc6-4179-9024-3386b489a876;PL;juror5;Mr. Jan Stokosa;UA;2
9e7c0576-42b8-42b1-9187-b0933c023103;UA;juror1;Mr. Dmytro Shurov;UA;0
9e7c0576-4613-436b-84d6-661906eed597;UA;juror2;Mrs. Olena Shoptenko-Ivanova;UA;0
9e7c0576-4566-4ca5-ae57-92bc7d179d8b;UA;juror3;Mrs. Kateryna Pavlenko;UA;0
9e7c0576-4369-4830-8948-22d51da12cb3;UA;juror4;Mr. KOSTIANTYN BOCHAROV;UA;0
9e7c0576-46b1-4438-b326-0c3f30cc4c9c;UA;juror5;Mrs. Tetiana Reshetniak;UA;0
9e7c0575-570f-40ce-81c6-6b1423db9eac;AL;juror5;Mrs. Mikaela Minga;UA;9
9e7c0575-53e0-4672-8049-fc3a897b4413;AL;juror3;Mr. Alfred Kacinari;UA;12
9e7c0575-548c-4cff-a071-056cd8c5d341;AL;juror2;Mr. Shpetim Saraci;UA;5
9e7c0575-552a-4e3a-bb15-4590a26e956c;AL;juror1;Mrs. Blerta Ristani;UA;13
9e7c0575-5325-487e-9c41-f0892b1c01e6;AL;juror4;Mr. Ylljet Alicka;UA;8
9e7c0575-7d41-46d1-9b79-ed9443932c62;HR;juror1;Mr. Niksa Bratos;UA;6
9e7c0575-7f5d-4953-9dd9-0e42dd6670f7;HR;juror2;Mr. Miroslav Lesi;UA;4
9e7c0575-7ea0-4895-b9eb-a3b2b8601131;HR;juror3;Mrs. Monika Lelas Halambek;UA;6
9e7c0575-7df6-420c-be71-ab67f059cac9;HR;juror4;Mrs. Antonela Doko;UA;2
9e7c0575-800b-4237-9ed9-c880d770d545;HR;juror5;Mrs. Mia Elizabeta Negoveti;UA;1
9e7c0575-6fea-43be-92e2-1b6a8b8a3788;AZ;juror1;Mrs. Ulviyya Ogtay Kerimova;UA;1
9e7c0575-72b1-4ed2-8374-338afb1439af;AZ;juror2;Mr. Tural Isa Bagmanov;UA;7
9e7c0575-6f3d-4fe1-a5fe-04524659611b;AZ;juror3;Mr. Azer Rauf Aydemir;UA;11
9e7c0575-70a4-4bf8-b19b-f871d193bba2;AZ;juror4;Mr. Ramil Adigozal Gasimov;UA;13
9e7c0575-714e-4776-97b6-6788a0635c21;AZ;juror5;Mrs. Ulviyya Firudin Babirli;UA;14
9e7c0575-c432-45dd-b25e-bf5d5ab1975b;IS;juror1;Mrs. Hulda Geirsdottir;SE;1
9e7c0575-c391-43c4-bcdd-91344e7e0aee;IS;juror2;Mr. Sindri Astmarsson;SE;2
9e7c0575-c246-4245-8257-2ab5093eee79;IS;juror3;Mrs. Anita Ros _orsteinsdottir;SE;1
9e7c0575-c4dd-435f-8414-24cbf63ca665;IS;juror4;Mr. Bjarni Arason;SE;1
9e7c0575-c2e6-4aa9-8bad-065872a1e071;IS;juror5;Mr. Andri _or Jonsson;SE;1
9e7c0575-d6e7-40dc-82fd-9a132598d9e2;IT;juror1;Mr. DIEGO CALVETTI;SE;6
9e7c0575-d63e-4f61-89f1-42f9c12f0dca;IT;juror2;Mrs. MANOLA MOSLEHI;SE;3
9e7c0575-d795-499d-bbd4-15fc0f6d3d3d;IT;juror3;Mr. MATTIA MARZI;SE;10
9e7c0575-d90d-419a-8cd7-c5e1aa439cb8;IT;juror4;Mrs. GIULIA AUSANI;SE;1
9e7c0575-d855-44df-bac8-19bbe7b8bd41;IT;juror5;Mr. SALVATORE CARUSOTTO;SE;8
9e7c0576-34f3-4a58-8ce9-44d707ffadef;SE;juror1;Mr. Michael Lennart Cederberg;SE;0
9e7c0576-35a1-45db-ab88-eceff22801dc;SE;juror2;Mrs. Anna Charlotta Gunnarson;SE;0
9e7c0576-3649-4cdb-8f38-9879683c05d8;SE;juror3;Mrs. Amanda Josefina Elisabeth Nordelius;SE;0
9e7c0576-3795-4148-bec1-dedc2c7b2571;SE;juror4;Mr. Kenny Krister Kevin Lantz;SE;0
9e7c0576-36eb-480a-b059-e86a2f76ed24;SE;juror5;Mr. Theodor Jan Haraldsson;SE;0
9e7c0575-fede-4d9e-85fc-82f4fd9e0c34;NO;juror1;Mr. Stian Tangerud;SE;2
9e7c0576-0027-4fcf-807e-363f1659c48e;NO;juror2;Mrs. Reidun Sather;SE;1
9e7c0576-019a-459d-a0ac-fd5154a1bc5a;NO;juror3;Mr. Kristian Kristensen;SE;3
9e7c0576-00df-442f-b2ae-93b7b60abefc;NO;juror4;Ms. Vanessa Joana Hutel Kure;SE;1
9e7c0575-ff89-421b-a1e0-0f70c22892fb;NO;juror5;Mrs. Iris Severin O. Mikalsen;SE;1
9e7c0576-3e72-4af3-b431-b92bf207627c;CH;juror1;Mr. Cyrill Camenzind;SE;1
9e7c0576-3ba9-464f-8b6e-be2d4964dcea;CH;juror2;Mrs. Tiffany Athena Limacher;SE;2
9e7c0576-3c63-414f-b115-e86cdf2a15c5;CH;juror3;Mr. Giordano Tatum Rush;SE;11
9e7c0576-3d0a-4fbb-9048-294699aeb1d4;CH;juror4;Mrs. Gabriela Mennel;SE;2
9e7c0576-3dbc-41a2-9a18-e6107e1e88a8;CH;juror5;Mrs. Mary Clapasson;SE;1
9e7c0575-765a-414d-8070-fcbf903bf9a4;BE;juror1;Mr. Xavier Taveirne;SE;1
9e7c0575-791f-410f-b735-162feb679931;BE;juror2;Mr. Indy Van Cauwenberg;SE;7
9e7c0575-786a-42f6-bb0b-8f7e1fe9afdd;BE;juror3;Mrs. Noemie Wolfs;SE;6
9e7c0575-79c7-44c3-9bc6-874f595fa260;BE;juror4;Mrs. Billie Leyers;SE;8
9e7c0575-77b1-4440-99bb-79c5cbef6660;BE;juror5;Mr. Hans Francken;SE;5
9e7c0575-997e-4901-9437-2d523824ba3e;EE;juror1;Mr. Indrek Sarrap;SE;1
9e7c0576-2f74-470b-87b5-112782ab4056;ES;juror1;Mrs. Ana Isabel Conde;SE;3
9e7c0576-3018-45b3-a8e6-6a3e849d1cba;ES;juror2;Mrs. Maria Melodia Perez Castillo;SE;6
9e7c0576-2e1c-4328-acf4-3c8751b3ffb0;ES;juror3;Mr. Javier Pageo NicoAs;SE;2
9e7c0576-30b9-43fd-832e-3dd447b511fa;ES;juror4;Mrs. Irene Garrido Minano;SE;3
9e7c0576-2ec7-4fe2-a2d4-82739d9b0016;ES;juror5;Mr. Javier Llano Abril;SE;2
9e7c0576-2973-4d1d-bfaf-c6b5b6388964;SI;juror1;Mr. Gregor Starsbergar;SE;1
9e7c0576-2827-4002-9e57-03d49062212e;SI;juror2;Mrs. Ana Sokli;SE;14
9e7c0575-8445-4762-acb3-e9c7ed101e88;CY;juror1;Mrs. Maria Hari;SE;9
9e7c0576-28cf-4f3a-af2f-4db6490fd3f1;SI;juror3;Mr. Jon Vitezi;SE;2
9e7c0576-2a0f-45d9-9c9f-01d2aee39208;SI;juror4;Mr. Urban Koritnik;SE;2
9e7c0576-277c-4cdf-8555-64d8ddbaf223;SI;juror5;Mrs. Eva Boto;SE;1
9e7c0575-85a6-4f10-b0a5-669d67353f50;CY;juror2;Mr. Michael Messios;SE;4
9e7c0575-864c-415b-aaf3-3c41228c1eb4;CY;juror3;Mrs. Chariklia Strouthou;SE;12
9e7c0575-84fa-4409-818a-706de703476a;CY;juror4;Mr. Charis Savva;SE;8
9e7c0575-8705-4386-92d8-eb8f1154b15e;CY;juror5;Mrs. Helena Olympiou;SE;2
9e7c0575-9a36-48a8-8be1-b1d613bb426c;EE;juror2;Mrs. Alika Milova;SE;1
9e7c0575-9ae0-4752-a007-26dd5208389c;EE;juror3;Mr. Ott Lepland;SE;1
9e7c0575-9b93-45ca-a954-16adf28ba87e;EE;juror4;Mr. Owe Petersell;SE;2
9e7c0575-9c3e-4301-a0cc-0c6f874f9c46;EE;juror5;Mrs. Elina Nechayeva;SE;1
9e7c0576-1424-496b-9d27-c7130a9f06e1;PT;juror1;Mr. Alexandre Manuel Valerio Mesquita Guimaraes;SE;1
9e7c0576-1576-4f86-9223-84acf83449f7;PT;juror2;Mr. Alberto HernAndez Seruca;SE;5
9e7c0576-137d-45e8-a4f8-10d16d40bf49;PT;juror3;Mrs. Lia Isabel Pereira;SE;11
9e7c0576-161e-4959-9963-3d59611725fa;PT;juror4;Mr. Luis Oliveira Nunes;SE;6
9e7c0576-1762-4d39-b9d6-a63f0f8acb11;PT;juror5;Mrs. NAdia Lima Pereira;SE;1
9e7c0576-1a28-4938-a501-a2c56d0b05a1;SM;juror1;Mr. Fabrizio Raggi;SE;13
9e7c0576-1aca-4417-89cc-e6defb1448c1;SM;juror2;Mrs. Olivia Marani;SE;10
9e7c0576-1b72-486d-9c80-21d576ca947a;SM;juror3;Mrs. Sofia Toccaceli;SE;8
9e7c0576-1c12-4c15-8d11-686bf7e9b104;SM;juror4;Mr. Alessandro Riccardi;SE;14
9e7c0576-1cb9-45eb-98fb-919ed01863a5;SM;juror5;Mr. Piermatteo Carattoni;SE;14
9e7c0575-f815-41f4-a7ba-ad5eeb3ba06b;NL;juror1;Mr. Frits Ritmeester;SE;4
9e7c0575-fa13-4c23-9e91-8c94ef3176dd;NL;juror2;Mrs. Quinty Mesiedjan;SE;2
9e7c0575-f8ca-4baf-a7c6-d3de00dc6c7c;NL;juror3;Mr. Dennis van Leeuwen;SE;2
9e7c0575-f96d-46f7-9b48-c0092e163ac9;NL;juror4;Mr. Ronald de Bas;SE;1
9e7c0575-fabe-4274-b5fd-bf5f776eda4f;NL;juror5;Mrs. Gaia Tiana Marlene Aikman;SE;1
9e7c0576-0fc6-4a50-ba8f-a1486572941f;PL;juror1;Mr. Krystian Ochman;SE;9
9e7c0576-0f1f-4fc0-8f5b-902167f9d477;PL;juror2;Ms. Tycjana Acquasanta;SE;6
9e7c0576-0d16-4ff3-bc12-eac45d1341de;PL;juror3;Mrs. Katarzyna Walczak;SE;10
9e7c0576-0c69-4624-948a-29e299b7d87e;PL;juror4;Mrs. Anna Jurksztowicz;SE;7
9e7c0576-0dc6-4179-9024-3386b489a876;PL;juror5;Mr. Jan Stokosa;SE;5
9e7c0576-42b8-42b1-9187-b0933c023103;UA;juror1;Mr. Dmytro Shurov;SE;4
9e7c0576-4613-436b-84d6-661906eed597;UA;juror2;Mrs. Olena Shoptenko-Ivanova;SE;4
9e7c0576-4566-4ca5-ae57-92bc7d179d8b;UA;juror3;Mrs. Kateryna Pavlenko;SE;2
9e7c0576-4369-4830-8948-22d51da12cb3;UA;juror4;Mr. KOSTIANTYN BOCHAROV;SE;8
9e7c0576-46b1-4438-b326-0c3f30cc4c9c;UA;juror5;Mrs. Tetiana Reshetniak;SE;11
9e7c0575-570f-40ce-81c6-6b1423db9eac;AL;juror5;Mrs. Mikaela Minga;SE;3
9e7c0575-53e0-4672-8049-fc3a897b4413;AL;juror3;Mr. Alfred Kacinari;SE;4
9e7c0575-548c-4cff-a071-056cd8c5d341;AL;juror2;Mr. Shpetim Saraci;SE;4
9e7c0575-552a-4e3a-bb15-4590a26e956c;AL;juror1;Mrs. Blerta Ristani;SE;5
9e7c0575-5325-487e-9c41-f0892b1c01e6;AL;juror4;Mr. Ylljet Alicka;SE;4
9e7c0575-7d41-46d1-9b79-ed9443932c62;HR;juror1;Mr. Niksa Bratos;SE;12
9e7c0575-7f5d-4953-9dd9-0e42dd6670f7;HR;juror2;Mr. Miroslav Lesi;SE;7
9e7c0575-7ea0-4895-b9eb-a3b2b8601131;HR;juror3;Mrs. Monika Lelas Halambek;SE;1
9e7c0575-7df6-420c-be71-ab67f059cac9;HR;juror4;Mrs. Antonela Doko;SE;9
9e7c0575-800b-4237-9ed9-c880d770d545;HR;juror5;Mrs. Mia Elizabeta Negoveti;SE;2
9e7c0575-6fea-43be-92e2-1b6a8b8a3788;AZ;juror1;Mrs. Ulviyya Ogtay Kerimova;SE;13
9e7c0575-72b1-4ed2-8374-338afb1439af;AZ;juror2;Mr. Tural Isa Bagmanov;SE;6
9e7c0575-6f3d-4fe1-a5fe-04524659611b;AZ;juror3;Mr. Azer Rauf Aydemir;SE;14
9e7c0575-70a4-4bf8-b19b-f871d193bba2;AZ;juror4;Mr. Ramil Adigozal Gasimov;SE;9
9e7c0575-714e-4776-97b6-6788a0635c21;AZ;juror5;Mrs. Ulviyya Firudin Babirli;SE;11
9e7c0575-c432-45dd-b25e-bf5d5ab1975b;IS;juror1;Mrs. Hulda Geirsdottir;PT;8
9e7c0575-c391-43c4-bcdd-91344e7e0aee;IS;juror2;Mr. Sindri Astmarsson;PT;7
9e7c0575-c246-4245-8257-2ab5093eee79;IS;juror3;Mrs. Anita Ros _orsteinsdottir;PT;6
9e7c0575-c4dd-435f-8414-24cbf63ca665;IS;juror4;Mr. Bjarni Arason;PT;6
9e7c0575-c2e6-4aa9-8bad-065872a1e071;IS;juror5;Mr. Andri _or Jonsson;PT;12
9e7c0575-d6e7-40dc-82fd-9a132598d9e2;IT;juror1;Mr. DIEGO CALVETTI;PT;7
9e7c0575-d63e-4f61-89f1-42f9c12f0dca;IT;juror2;Mrs. MANOLA MOSLEHI;PT;8
9e7c0575-d795-499d-bbd4-15fc0f6d3d3d;IT;juror3;Mr. MATTIA MARZI;PT;5
9e7c0575-d90d-419a-8cd7-c5e1aa439cb8;IT;juror4;Mrs. GIULIA AUSANI;PT;14
9e7c0575-d855-44df-bac8-19bbe7b8bd41;IT;juror5;Mr. SALVATORE CARUSOTTO;PT;2
9e7c0576-34f3-4a58-8ce9-44d707ffadef;SE;juror1;Mr. Michael Lennart Cederberg;PT;14
9e7c0576-35a1-45db-ab88-eceff22801dc;SE;juror2;Mrs. Anna Charlotta Gunnarson;PT;8
9e7c0576-3649-4cdb-8f38-9879683c05d8;SE;juror3;Mrs. Amanda Josefina Elisabeth Nordelius;PT;13
9e7c0576-3795-4148-bec1-dedc2c7b2571;SE;juror4;Mr. Kenny Krister Kevin Lantz;PT;13
9e7c0576-36eb-480a-b059-e86a2f76ed24;SE;juror5;Mr. Theodor Jan Haraldsson;PT;4
9e7c0575-fede-4d9e-85fc-82f4fd9e0c34;NO;juror1;Mr. Stian Tangerud;PT;5
9e7c0576-0027-4fcf-807e-363f1659c48e;NO;juror2;Mrs. Reidun Sather;PT;2
9e7c0576-019a-459d-a0ac-fd5154a1bc5a;NO;juror3;Mr. Kristian Kristensen;PT;8
9e7c0576-00df-442f-b2ae-93b7b60abefc;NO;juror4;Ms. Vanessa Joana Hutel Kure;PT;8
9e7c0575-ff89-421b-a1e0-0f70c22892fb;NO;juror5;Mrs. Iris Severin O. Mikalsen;PT;8
9e7c0576-3e72-4af3-b431-b92bf207627c;CH;juror1;Mr. Cyrill Camenzind;PT;7
9e7c0576-3ba9-464f-8b6e-be2d4964dcea;CH;juror2;Mrs. Tiffany Athena Limacher;PT;1
9e7c0576-3c63-414f-b115-e86cdf2a15c5;CH;juror3;Mr. Giordano Tatum Rush;PT;2
9e7c0576-3d0a-4fbb-9048-294699aeb1d4;CH;juror4;Mrs. Gabriela Mennel;PT;5
9e7c0576-3dbc-41a2-9a18-e6107e1e88a8;CH;juror5;Mrs. Mary Clapasson;PT;11
9e7c0575-765a-414d-8070-fcbf903bf9a4;BE;juror1;Mr. Xavier Taveirne;PT;9
9e7c0575-791f-410f-b735-162feb679931;BE;juror2;Mr. Indy Van Cauwenberg;PT;11
9e7c0575-786a-42f6-bb0b-8f7e1fe9afdd;BE;juror3;Mrs. Noemie Wolfs;PT;8
9e7c0575-79c7-44c3-9bc6-874f595fa260;BE;juror4;Mrs. Billie Leyers;PT;4
9e7c0575-77b1-4440-99bb-79c5cbef6660;BE;juror5;Mr. Hans Francken;PT;11
9e7c0575-997e-4901-9437-2d523824ba3e;EE;juror1;Mr. Indrek Sarrap;PT;5
9e7c0576-2f74-470b-87b5-112782ab4056;ES;juror1;Mrs. Ana Isabel Conde;PT;11
9e7c0576-3018-45b3-a8e6-6a3e849d1cba;ES;juror2;Mrs. Maria Melodia Perez Castillo;PT;11
9e7c0576-2e1c-4328-acf4-3c8751b3ffb0;ES;juror3;Mr. Javier Pageo NicoAs;PT;11
9e7c0576-30b9-43fd-832e-3dd447b511fa;ES;juror4;Mrs. Irene Garrido Minano;PT;2
9e7c0576-2ec7-4fe2-a2d4-82739d9b0016;ES;juror5;Mr. Javier Llano Abril;PT;12
9e7c0576-2973-4d1d-bfaf-c6b5b6388964;SI;juror1;Mr. Gregor Starsbergar;PT;7
9e7c0576-2827-4002-9e57-03d49062212e;SI;juror2;Mrs. Ana Sokli;PT;1
9e7c0575-8445-4762-acb3-e9c7ed101e88;CY;juror1;Mrs. Maria Hari;PT;4
9e7c0576-28cf-4f3a-af2f-4db6490fd3f1;SI;juror3;Mr. Jon Vitezi;PT;3
9e7c0576-2a0f-45d9-9c9f-01d2aee39208;SI;juror4;Mr. Urban Koritnik;PT;10
9e7c0576-277c-4cdf-8555-64d8ddbaf223;SI;juror5;Mrs. Eva Boto;PT;11
9e7c0575-85a6-4f10-b0a5-669d67353f50;CY;juror2;Mr. Michael Messios;PT;7
9e7c0575-864c-415b-aaf3-3c41228c1eb4;CY;juror3;Mrs. Chariklia Strouthou;PT;3
9e7c0575-84fa-4409-818a-706de703476a;CY;juror4;Mr. Charis Savva;PT;13
9e7c0575-8705-4386-92d8-eb8f1154b15e;CY;juror5;Mrs. Helena Olympiou;PT;4
9e7c0575-9a36-48a8-8be1-b1d613bb426c;EE;juror2;Mrs. Alika Milova;PT;2
9e7c0575-9ae0-4752-a007-26dd5208389c;EE;juror3;Mr. Ott Lepland;PT;11
9e7c0575-9b93-45ca-a954-16adf28ba87e;EE;juror4;Mr. Owe Petersell;PT;3
9e7c0575-9c3e-4301-a0cc-0c6f874f9c46;EE;juror5;Mrs. Elina Nechayeva;PT;2
9e7c0576-1424-496b-9d27-c7130a9f06e1;PT;juror1;Mr. Alexandre Manuel Valerio Mesquita Guimaraes;PT;0
9e7c0576-1576-4f86-9223-84acf83449f7;PT;juror2;Mr. Alberto HernAndez Seruca;PT;0
9e7c0576-137d-45e8-a4f8-10d16d40bf49;PT;juror3;Mrs. Lia Isabel Pereira;PT;0
9e7c0576-161e-4959-9963-3d59611725fa;PT;juror4;Mr. Luis Oliveira Nunes;PT;0
9e7c0576-1762-4d39-b9d6-a63f0f8acb11;PT;juror5;Mrs. NAdia Lima Pereira;PT;0
9e7c0576-1a28-4938-a501-a2c56d0b05a1;SM;juror1;Mr. Fabrizio Raggi;PT;4
9e7c0576-1aca-4417-89cc-e6defb1448c1;SM;juror2;Mrs. Olivia Marani;PT;6
9e7c0576-1b72-486d-9c80-21d576ca947a;SM;juror3;Mrs. Sofia Toccaceli;PT;5
9e7c0576-1c12-4c15-8d11-686bf7e9b104;SM;juror4;Mr. Alessandro Riccardi;PT;6
9e7c0576-1cb9-45eb-98fb-919ed01863a5;SM;juror5;Mr. Piermatteo Carattoni;PT;10
9e7c0575-f815-41f4-a7ba-ad5eeb3ba06b;NL;juror1;Mr. Frits Ritmeester;PT;1
9e7c0575-fa13-4c23-9e91-8c94ef3176dd;NL;juror2;Mrs. Quinty Mesiedjan;PT;1
9e7c0575-f8ca-4baf-a7c6-d3de00dc6c7c;NL;juror3;Mr. Dennis van Leeuwen;PT;1
9e7c0575-f96d-46f7-9b48-c0092e163ac9;NL;juror4;Mr. Ronald de Bas;PT;6
9e7c0575-fabe-4274-b5fd-bf5f776eda4f;NL;juror5;Mrs. Gaia Tiana Marlene Aikman;PT;8
9e7c0576-0fc6-4a50-ba8f-a1486572941f;PL;juror1;Mr. Krystian Ochman;PT;2
9e7c0576-0f1f-4fc0-8f5b-902167f9d477;PL;juror2;Ms. Tycjana Acquasanta;PT;9
9e7c0576-0d16-4ff3-bc12-eac45d1341de;PL;juror3;Mrs. Katarzyna Walczak;PT;5
9e7c0576-0c69-4624-948a-29e299b7d87e;PL;juror4;Mrs. Anna Jurksztowicz;PT;2
9e7c0576-0dc6-4179-9024-3386b489a876;PL;juror5;Mr. Jan Stokosa;PT;8
9e7c0576-42b8-42b1-9187-b0933c023103;UA;juror1;Mr. Dmytro Shurov;PT;1
9e7c0576-4613-436b-84d6-661906eed597;UA;juror2;Mrs. Olena Shoptenko-Ivanova;PT;2
9e7c0576-4566-4ca5-ae57-92bc7d179d8b;UA;juror3;Mrs. Kateryna Pavlenko;PT;3
9e7c0576-4369-4830-8948-22d51da12cb3;UA;juror4;Mr. KOSTIANTYN BOCHAROV;PT;3
9e7c0576-46b1-4438-b326-0c3f30cc4c9c;UA;juror5;Mrs. Tetiana Reshetniak;PT;1
9e7c0575-570f-40ce-81c6-6b1423db9eac;AL;juror5;Mrs. Mikaela Minga;PT;2
9e7c0575-53e0-4672-8049-fc3a897b4413;AL;juror3;Mr. Alfred Kacinari;PT;11
9e7c0575-548c-4cff-a071-056cd8c5d341;AL;juror2;Mr. Shpetim Saraci;PT;7
9e7c0575-552a-4e3a-bb15-4590a26e956c;AL;juror1;Mrs. Blerta Ristani;PT;9
9e7c0575-5325-487e-9c41-f0892b1c01e6;AL;juror4;Mr. Ylljet Alicka;PT;5
9e7c0575-7d41-46d1-9b79-ed9443932c62;HR;juror1;Mr. Niksa Bratos;PT;9
9e7c0575-7f5d-4953-9dd9-0e42dd6670f7;HR;juror2;Mr. Miroslav Lesi;PT;3
9e7c0575-7ea0-4895-b9eb-a3b2b8601131;HR;juror3;Mrs. Monika Lelas Halambek;PT;4
9e7c0575-7df6-420c-be71-ab67f059cac9;HR;juror4;Mrs. Antonela Doko;PT;1
9e7c0575-800b-4237-9ed9-c880d770d545;HR;juror5;Mrs. Mia Elizabeta Negoveti;PT;4
9e7c0575-6fea-43be-92e2-1b6a8b8a3788;AZ;juror1;Mrs. Ulviyya Ogtay Kerimova;PT;3
9e7c0575-72b1-4ed2-8374-338afb1439af;AZ;juror2;Mr. Tural Isa Bagmanov;PT;1
9e7c0575-6f3d-4fe1-a5fe-04524659611b;AZ;juror3;Mr. Azer Rauf Aydemir;PT;3
9e7c0575-70a4-4bf8-b19b-f871d193bba2;AZ;juror4;Mr. Ramil Adigozal Gasimov;PT;11
9e7c0575-714e-4776-97b6-6788a0635c21;AZ;juror5;Mrs. Ulviyya Firudin Babirli;PT;10
9e7c0575-c432-45dd-b25e-bf5d5ab1975b;IS;juror1;Mrs. Hulda Geirsdottir;NO;3
9e7c0575-c391-43c4-bcdd-91344e7e0aee;IS;juror2;Mr. Sindri Astmarsson;NO;8
9e7c0575-c246-4245-8257-2ab5093eee79;IS;juror3;Mrs. Anita Ros _orsteinsdottir;NO;2
9e7c0575-c4dd-435f-8414-24cbf63ca665;IS;juror4;Mr. Bjarni Arason;NO;5
9e7c0575-c2e6-4aa9-8bad-065872a1e071;IS;juror5;Mr. Andri _or Jonsson;NO;3
9e7c0575-d6e7-40dc-82fd-9a132598d9e2;IT;juror1;Mr. DIEGO CALVETTI;NO;8
9e7c0575-d63e-4f61-89f1-42f9c12f0dca;IT;juror2;Mrs. MANOLA MOSLEHI;NO;10
9e7c0575-d795-499d-bbd4-15fc0f6d3d3d;IT;juror3;Mr. MATTIA MARZI;NO;7
9e7c0575-d90d-419a-8cd7-c5e1aa439cb8;IT;juror4;Mrs. GIULIA AUSANI;NO;8
9e7c0575-d855-44df-bac8-19bbe7b8bd41;IT;juror5;Mr. SALVATORE CARUSOTTO;NO;3
9e7c0576-34f3-4a58-8ce9-44d707ffadef;SE;juror1;Mr. Michael Lennart Cederberg;NO;4
9e7c0576-35a1-45db-ab88-eceff22801dc;SE;juror2;Mrs. Anna Charlotta Gunnarson;NO;9
9e7c0576-3649-4cdb-8f38-9879683c05d8;SE;juror3;Mrs. Amanda Josefina Elisabeth Nordelius;NO;2
9e7c0576-3795-4148-bec1-dedc2c7b2571;SE;juror4;Mr. Kenny Krister Kevin Lantz;NO;2
9e7c0576-36eb-480a-b059-e86a2f76ed24;SE;juror5;Mr. Theodor Jan Haraldsson;NO;1
9e7c0575-fede-4d9e-85fc-82f4fd9e0c34;NO;juror1;Mr. Stian Tangerud;NO;0
9e7c0576-0027-4fcf-807e-363f1659c48e;NO;juror2;Mrs. Reidun Sather;NO;0
9e7c0576-019a-459d-a0ac-fd5154a1bc5a;NO;juror3;Mr. Kristian Kristensen;NO;0
9e7c0576-00df-442f-b2ae-93b7b60abefc;NO;juror4;Ms. Vanessa Joana Hutel Kure;NO;0
9e7c0575-ff89-421b-a1e0-0f70c22892fb;NO;juror5;Mrs. Iris Severin O. Mikalsen;NO;0
9e7c0576-3e72-4af3-b431-b92bf207627c;CH;juror1;Mr. Cyrill Camenzind;NO;4
9e7c0576-3ba9-464f-8b6e-be2d4964dcea;CH;juror2;Mrs. Tiffany Athena Limacher;NO;8
9e7c0576-3c63-414f-b115-e86cdf2a15c5;CH;juror3;Mr. Giordano Tatum Rush;NO;9
9e7c0576-3d0a-4fbb-9048-294699aeb1d4;CH;juror4;Mrs. Gabriela Mennel;NO;1
9e7c0576-3dbc-41a2-9a18-e6107e1e88a8;CH;juror5;Mrs. Mary Clapasson;NO;6
9e7c0575-765a-414d-8070-fcbf903bf9a4;BE;juror1;Mr. Xavier Taveirne;NO;12
9e7c0575-791f-410f-b735-162feb679931;BE;juror2;Mr. Indy Van Cauwenberg;NO;10
9e7c0575-786a-42f6-bb0b-8f7e1fe9afdd;BE;juror3;Mrs. Noemie Wolfs;NO;10
9e7c0575-79c7-44c3-9bc6-874f595fa260;BE;juror4;Mrs. Billie Leyers;NO;10
9e7c0575-77b1-4440-99bb-79c5cbef6660;BE;juror5;Mr. Hans Francken;NO;10
9e7c0575-997e-4901-9437-2d523824ba3e;EE;juror1;Mr. Indrek Sarrap;NO;6
9e7c0576-2f74-470b-87b5-112782ab4056;ES;juror1;Mrs. Ana Isabel Conde;NO;5
9e7c0576-3018-45b3-a8e6-6a3e849d1cba;ES;juror2;Mrs. Maria Melodia Perez Castillo;NO;9
9e7c0576-2e1c-4328-acf4-3c8751b3ffb0;ES;juror3;Mr. Javier Pageo NicoAs;NO;7
9e7c0576-30b9-43fd-832e-3dd447b511fa;ES;juror4;Mrs. Irene Garrido Minano;NO;7
9e7c0576-2ec7-4fe2-a2d4-82739d9b0016;ES;juror5;Mr. Javier Llano Abril;NO;11
9e7c0576-2973-4d1d-bfaf-c6b5b6388964;SI;juror1;Mr. Gregor Starsbergar;NO;3
9e7c0576-2827-4002-9e57-03d49062212e;SI;juror2;Mrs. Ana Sokli;NO;5
9e7c0575-8445-4762-acb3-e9c7ed101e88;CY;juror1;Mrs. Maria Hari;NO;10
9e7c0576-28cf-4f3a-af2f-4db6490fd3f1;SI;juror3;Mr. Jon Vitezi;NO;7
9e7c0576-2a0f-45d9-9c9f-01d2aee39208;SI;juror4;Mr. Urban Koritnik;NO;5
9e7c0576-277c-4cdf-8555-64d8ddbaf223;SI;juror5;Mrs. Eva Boto;NO;7
9e7c0575-85a6-4f10-b0a5-669d67353f50;CY;juror2;Mr. Michael Messios;NO;3
9e7c0575-864c-415b-aaf3-3c41228c1eb4;CY;juror3;Mrs. Chariklia Strouthou;NO;5
9e7c0575-84fa-4409-818a-706de703476a;CY;juror4;Mr. Charis Savva;NO;5
9e7c0575-8705-4386-92d8-eb8f1154b15e;CY;juror5;Mrs. Helena Olympiou;NO;9
9e7c0575-9a36-48a8-8be1-b1d613bb426c;EE;juror2;Mrs. Alika Milova;NO;4
9e7c0575-9ae0-4752-a007-26dd5208389c;EE;juror3;Mr. Ott Lepland;NO;8
9e7c0575-9b93-45ca-a954-16adf28ba87e;EE;juror4;Mr. Owe Petersell;NO;12
9e7c0575-9c3e-4301-a0cc-0c6f874f9c46;EE;juror5;Mrs. Elina Nechayeva;NO;12
9e7c0576-1424-496b-9d27-c7130a9f06e1;PT;juror1;Mr. Alexandre Manuel Valerio Mesquita Guimaraes;NO;8
9e7c0576-1576-4f86-9223-84acf83449f7;PT;juror2;Mr. Alberto HernAndez Seruca;NO;10
9e7c0576-137d-45e8-a4f8-10d16d40bf49;PT;juror3;Mrs. Lia Isabel Pereira;NO;9
9e7c0576-161e-4959-9963-3d59611725fa;PT;juror4;Mr. Luis Oliveira Nunes;NO;11
9e7c0576-1762-4d39-b9d6-a63f0f8acb11;PT;juror5;Mrs. NAdia Lima Pereira;NO;7
9e7c0576-1a28-4938-a501-a2c56d0b05a1;SM;juror1;Mr. Fabrizio Raggi;NO;14
9e7c0576-1aca-4417-89cc-e6defb1448c1;SM;juror2;Mrs. Olivia Marani;NO;12
9e7c0576-1b72-486d-9c80-21d576ca947a;SM;juror3;Mrs. Sofia Toccaceli;NO;12
9e7c0576-1c12-4c15-8d11-686bf7e9b104;SM;juror4;Mr. Alessandro Riccardi;NO;8
9e7c0576-1cb9-45eb-98fb-919ed01863a5;SM;juror5;Mr. Piermatteo Carattoni;NO;8
9e7c0575-f815-41f4-a7ba-ad5eeb3ba06b;NL;juror1;Mr. Frits Ritmeester;NO;8
9e7c0575-fa13-4c23-9e91-8c94ef3176dd;NL;juror2;Mrs. Quinty Mesiedjan;NO;14
9e7c0575-f8ca-4baf-a7c6-d3de00dc6c7c;NL;juror3;Mr. Dennis van Leeuwen;NO;11
9e7c0575-f96d-46f7-9b48-c0092e163ac9;NL;juror4;Mr. Ronald de Bas;NO;2
9e7c0575-fabe-4274-b5fd-bf5f776eda4f;NL;juror5;Mrs. Gaia Tiana Marlene Aikman;NO;5
9e7c0576-0fc6-4a50-ba8f-a1486572941f;PL;juror1;Mr. Krystian Ochman;NO;5
9e7c0576-0f1f-4fc0-8f5b-902167f9d477;PL;juror2;Ms. Tycjana Acquasanta;NO;3
9e7c0576-0d16-4ff3-bc12-eac45d1341de;PL;juror3;Mrs. Katarzyna Walczak;NO;4
9e7c0576-0c69-4624-948a-29e299b7d87e;PL;juror4;Mrs. Anna Jurksztowicz;NO;14
9e7c0576-0dc6-4179-9024-3386b489a876;PL;juror5;Mr. Jan Stokosa;NO;9
9e7c0576-42b8-42b1-9187-b0933c023103;UA;juror1;Mr. Dmytro Shurov;NO;6
9e7c0576-4613-436b-84d6-661906eed597;UA;juror2;Mrs. Olena Shoptenko-Ivanova;NO;10
9e7c0576-4566-4ca5-ae57-92bc7d179d8b;UA;juror3;Mrs. Kateryna Pavlenko;NO;6
9e7c0576-4369-4830-8948-22d51da12cb3;UA;juror4;Mr. KOSTIANTYN BOCHAROV;NO;10
9e7c0576-46b1-4438-b326-0c3f30cc4c9c;UA;juror5;Mrs. Tetiana Reshetniak;NO;6
9e7c0575-570f-40ce-81c6-6b1423db9eac;AL;juror5;Mrs. Mikaela Minga;NO;8
9e7c0575-53e0-4672-8049-fc3a897b4413;AL;juror3;Mr. Alfred Kacinari;NO;9
9e7c0575-548c-4cff-a071-056cd8c5d341;AL;juror2;Mr. Shpetim Saraci;NO;12
9e7c0575-552a-4e3a-bb15-4590a26e956c;AL;juror1;Mrs. Blerta Ristani;NO;8
9e7c0575-5325-487e-9c41-f0892b1c01e6;AL;juror4;Mr. Ylljet Alicka;NO;9
9e7c0575-7d41-46d1-9b79-ed9443932c62;HR;juror1;Mr. Niksa Bratos;NO;1
9e7c0575-7f5d-4953-9dd9-0e42dd6670f7;HR;juror2;Mr. Miroslav Lesi;NO;9
9e7c0575-7ea0-4895-b9eb-a3b2b8601131;HR;juror3;Mrs. Monika Lelas Halambek;NO;8
9e7c0575-7df6-420c-be71-ab67f059cac9;HR;juror4;Mrs. Antonela Doko;NO;6
9e7c0575-800b-4237-9ed9-c880d770d545;HR;juror5;Mrs. Mia Elizabeta Negoveti;NO;8
9e7c0575-6fea-43be-92e2-1b6a8b8a3788;AZ;juror1;Mrs. Ulviyya Ogtay Kerimova;NO;8
9e7c0575-72b1-4ed2-8374-338afb1439af;AZ;juror2;Mr. Tural Isa Bagmanov;NO;9
9e7c0575-6f3d-4fe1-a5fe-04524659611b;AZ;juror3;Mr. Azer Rauf Aydemir;NO;4
9e7c0575-70a4-4bf8-b19b-f871d193bba2;AZ;juror4;Mr. Ramil Adigozal Gasimov;NO;7
9e7c0575-714e-4776-97b6-6788a0635c21;AZ;juror5;Mrs. Ulviyya Firudin Babirli;NO;4
9e7c0575-c432-45dd-b25e-bf5d5ab1975b;IS;juror1;Mrs. Hulda Geirsdottir;BE;5
9e7c0575-c391-43c4-bcdd-91344e7e0aee;IS;juror2;Mr. Sindri Astmarsson;BE;3
9e7c0575-c246-4245-8257-2ab5093eee79;IS;juror3;Mrs. Anita Ros _orsteinsdottir;BE;10
9e7c0575-c4dd-435f-8414-24cbf63ca665;IS;juror4;Mr. Bjarni Arason;BE;9
9e7c0575-c2e6-4aa9-8bad-065872a1e071;IS;juror5;Mr. Andri _or Jonsson;BE;5
9e7c0575-d6e7-40dc-82fd-9a132598d9e2;IT;juror1;Mr. DIEGO CALVETTI;BE;10
9e7c0575-d63e-4f61-89f1-42f9c12f0dca;IT;juror2;Mrs. MANOLA MOSLEHI;BE;7
9e7c0575-d795-499d-bbd4-15fc0f6d3d3d;IT;juror3;Mr. MATTIA MARZI;BE;9
9e7c0575-d90d-419a-8cd7-c5e1aa439cb8;IT;juror4;Mrs. GIULIA AUSANI;BE;11
9e7c0575-d855-44df-bac8-19bbe7b8bd41;IT;juror5;Mr. SALVATORE CARUSOTTO;BE;11
9e7c0576-34f3-4a58-8ce9-44d707ffadef;SE;juror1;Mr. Michael Lennart Cederberg;BE;8
9e7c0576-35a1-45db-ab88-eceff22801dc;SE;juror2;Mrs. Anna Charlotta Gunnarson;BE;10
9e7c0576-3649-4cdb-8f38-9879683c05d8;SE;juror3;Mrs. Amanda Josefina Elisabeth Nordelius;BE;5
9e7c0576-3795-4148-bec1-dedc2c7b2571;SE;juror4;Mr. Kenny Krister Kevin Lantz;BE;7
9e7c0576-36eb-480a-b059-e86a2f76ed24;SE;juror5;Mr. Theodor Jan Haraldsson;BE;8
9e7c0575-fede-4d9e-85fc-82f4fd9e0c34;NO;juror1;Mr. Stian Tangerud;BE;14
9e7c0576-0027-4fcf-807e-363f1659c48e;NO;juror2;Mrs. Reidun Sather;BE;9
9e7c0576-019a-459d-a0ac-fd5154a1bc5a;NO;juror3;Mr. Kristian Kristensen;BE;6
9e7c0576-00df-442f-b2ae-93b7b60abefc;NO;juror4;Ms. Vanessa Joana Hutel Kure;BE;13
9e7c0575-ff89-421b-a1e0-0f70c22892fb;NO;juror5;Mrs. Iris Severin O. Mikalsen;BE;12
9e7c0576-3e72-4af3-b431-b92bf207627c;CH;juror1;Mr. Cyrill Camenzind;BE;3
9e7c0576-3ba9-464f-8b6e-be2d4964dcea;CH;juror2;Mrs. Tiffany Athena Limacher;BE;6
9e7c0576-3c63-414f-b115-e86cdf2a15c5;CH;juror3;Mr. Giordano Tatum Rush;BE;8
9e7c0576-3d0a-4fbb-9048-294699aeb1d4;CH;juror4;Mrs. Gabriela Mennel;BE;7
9e7c0576-3dbc-41a2-9a18-e6107e1e88a8;CH;juror5;Mrs. Mary Clapasson;BE;15
9e7c0575-765a-414d-8070-fcbf903bf9a4;BE;juror1;Mr. Xavier Taveirne;BE;0
9e7c0575-791f-410f-b735-162feb679931;BE;juror2;Mr. Indy Van Cauwenberg;BE;0
9e7c0575-786a-42f6-bb0b-8f7e1fe9afdd;BE;juror3;Mrs. Noemie Wolfs;BE;0
9e7c0575-79c7-44c3-9bc6-874f595fa260;BE;juror4;Mrs. Billie Leyers;BE;0
9e7c0575-77b1-4440-99bb-79c5cbef6660;BE;juror5;Mr. Hans Francken;BE;0
9e7c0575-997e-4901-9437-2d523824ba3e;EE;juror1;Mr. Indrek Sarrap;BE;7
9e7c0576-2f74-470b-87b5-112782ab4056;ES;juror1;Mrs. Ana Isabel Conde;BE;9
9e7c0576-3018-45b3-a8e6-6a3e849d1cba;ES;juror2;Mrs. Maria Melodia Perez Castillo;BE;10
9e7c0576-2e1c-4328-acf4-3c8751b3ffb0;ES;juror3;Mr. Javier Pageo NicoAs;BE;5
9e7c0576-30b9-43fd-832e-3dd447b511fa;ES;juror4;Mrs. Irene Garrido Minano;BE;5
9e7c0576-2ec7-4fe2-a2d4-82739d9b0016;ES;juror5;Mr. Javier Llano Abril;BE;15
9e7c0576-2973-4d1d-bfaf-c6b5b6388964;SI;juror1;Mr. Gregor Starsbergar;BE;12
9e7c0576-2827-4002-9e57-03d49062212e;SI;juror2;Mrs. Ana Sokli;BE;7
9e7c0575-8445-4762-acb3-e9c7ed101e88;CY;juror1;Mrs. Maria Hari;BE;11
9e7c0576-28cf-4f3a-af2f-4db6490fd3f1;SI;juror3;Mr. Jon Vitezi;BE;11
9e7c0576-2a0f-45d9-9c9f-01d2aee39208;SI;juror4;Mr. Urban Koritnik;BE;12
9e7c0576-277c-4cdf-8555-64d8ddbaf223;SI;juror5;Mrs. Eva Boto;BE;12
9e7c0575-85a6-4f10-b0a5-669d67353f50;CY;juror2;Mr. Michael Messios;BE;10
9e7c0575-864c-415b-aaf3-3c41228c1eb4;CY;juror3;Mrs. Chariklia Strouthou;BE;14
9e7c0575-84fa-4409-818a-706de703476a;CY;juror4;Mr. Charis Savva;BE;11
9e7c0575-8705-4386-92d8-eb8f1154b15e;CY;juror5;Mrs. Helena Olympiou;BE;11
9e7c0575-9a36-48a8-8be1-b1d613bb426c;EE;juror2;Mrs. Alika Milova;BE;9
9e7c0575-9ae0-4752-a007-26dd5208389c;EE;juror3;Mr. Ott Lepland;BE;4
9e7c0575-9b93-45ca-a954-16adf28ba87e;EE;juror4;Mr. Owe Petersell;BE;4
9e7c0575-9c3e-4301-a0cc-0c6f874f9c46;EE;juror5;Mrs. Elina Nechayeva;BE;9
9e7c0576-1424-496b-9d27-c7130a9f06e1;PT;juror1;Mr. Alexandre Manuel Valerio Mesquita Guimaraes;BE;4
9e7c0576-1576-4f86-9223-84acf83449f7;PT;juror2;Mr. Alberto HernAndez Seruca;BE;12
9e7c0576-137d-45e8-a4f8-10d16d40bf49;PT;juror3;Mrs. Lia Isabel Pereira;BE;8
9e7c0576-161e-4959-9963-3d59611725fa;PT;juror4;Mr. Luis Oliveira Nunes;BE;7
9e7c0576-1762-4d39-b9d6-a63f0f8acb11;PT;juror5;Mrs. NAdia Lima Pereira;BE;8
9e7c0576-1a28-4938-a501-a2c56d0b05a1;SM;juror1;Mr. Fabrizio Raggi;BE;2
9e7c0576-1aca-4417-89cc-e6defb1448c1;SM;juror2;Mrs. Olivia Marani;BE;11
9e7c0576-1b72-486d-9c80-21d576ca947a;SM;juror3;Mrs. Sofia Toccaceli;BE;3
9e7c0576-1c12-4c15-8d11-686bf7e9b104;SM;juror4;Mr. Alessandro Riccardi;BE;1
9e7c0576-1cb9-45eb-98fb-919ed01863a5;SM;juror5;Mr. Piermatteo Carattoni;BE;2
9e7c0575-f815-41f4-a7ba-ad5eeb3ba06b;NL;juror1;Mr. Frits Ritmeester;BE;13
9e7c0575-fa13-4c23-9e91-8c94ef3176dd;NL;juror2;Mrs. Quinty Mesiedjan;BE;13
9e7c0575-f8ca-4baf-a7c6-d3de00dc6c7c;NL;juror3;Mr. Dennis van Leeuwen;BE;6
9e7c0575-f96d-46f7-9b48-c0092e163ac9;NL;juror4;Mr. Ronald de Bas;BE;9
9e7c0575-fabe-4274-b5fd-bf5f776eda4f;NL;juror5;Mrs. Gaia Tiana Marlene Aikman;BE;9
9e7c0576-0fc6-4a50-ba8f-a1486572941f;PL;juror1;Mr. Krystian Ochman;BE;4
9e7c0576-0f1f-4fc0-8f5b-902167f9d477;PL;juror2;Ms. Tycjana Acquasanta;BE;4
9e7c0576-0d16-4ff3-bc12-eac45d1341de;PL;juror3;Mrs. Katarzyna Walczak;BE;2
9e7c0576-0c69-4624-948a-29e299b7d87e;PL;juror4;Mrs. Anna Jurksztowicz;BE;13
9e7c0576-0dc6-4179-9024-3386b489a876;PL;juror5;Mr. Jan Stokosa;BE;11
9e7c0576-42b8-42b1-9187-b0933c023103;UA;juror1;Mr. Dmytro Shurov;BE;9
9e7c0576-4613-436b-84d6-661906eed597;UA;juror2;Mrs. Olena Shoptenko-Ivanova;BE;7
9e7c0576-4566-4ca5-ae57-92bc7d179d8b;UA;juror3;Mrs. Kateryna Pavlenko;BE;7
9e7c0576-4369-4830-8948-22d51da12cb3;UA;juror4;Mr. KOSTIANTYN BOCHAROV;BE;6
9e7c0576-46b1-4438-b326-0c3f30cc4c9c;UA;juror5;Mrs. Tetiana Reshetniak;BE;14
9e7c0575-570f-40ce-81c6-6b1423db9eac;AL;juror5;Mrs. Mikaela Minga;BE;7
9e7c0575-53e0-4672-8049-fc3a897b4413;AL;juror3;Mr. Alfred Kacinari;BE;5
9e7c0575-548c-4cff-a071-056cd8c5d341;AL;juror2;Mr. Shpetim Saraci;BE;3
9e7c0575-552a-4e3a-bb15-4590a26e956c;AL;juror1;Mrs. Blerta Ristani;BE;3
9e7c0575-5325-487e-9c41-f0892b1c01e6;AL;juror4;Mr. Ylljet Alicka;BE;3
9e7c0575-7d41-46d1-9b79-ed9443932c62;HR;juror1;Mr. Niksa Bratos;BE;4
9e7c0575-7f5d-4953-9dd9-0e42dd6670f7;HR;juror2;Mr. Miroslav Lesi;BE;13
9e7c0575-7ea0-4895-b9eb-a3b2b8601131;HR;juror3;Mrs. Monika Lelas Halambek;BE;9
9e7c0575-7df6-420c-be71-ab67f059cac9;HR;juror4;Mrs. Antonela Doko;BE;10
9e7c0575-800b-4237-9ed9-c880d770d545;HR;juror5;Mrs. Mia Elizabeta Negoveti;BE;11
9e7c0575-6fea-43be-92e2-1b6a8b8a3788;AZ;juror1;Mrs. Ulviyya Ogtay Kerimova;BE;6
9e7c0575-72b1-4ed2-8374-338afb1439af;AZ;juror2;Mr. Tural Isa Bagmanov;BE;3
9e7c0575-6f3d-4fe1-a5fe-04524659611b;AZ;juror3;Mr. Azer Rauf Aydemir;BE;6
9e7c0575-70a4-4bf8-b19b-f871d193bba2;AZ;juror4;Mr. Ramil Adigozal Gasimov;BE;6
9e7c0575-714e-4776-97b6-6788a0635c21;AZ;juror5;Mrs. Ulviyya Firudin Babirli;BE;13
9e7c0575-c432-45dd-b25e-bf5d5ab1975b;IS;juror1;Mrs. Hulda Geirsdottir;AZ;11
9e7c0575-c391-43c4-bcdd-91344e7e0aee;IS;juror2;Mr. Sindri Astmarsson;AZ;5
9e7c0575-c246-4245-8257-2ab5093eee79;IS;juror3;Mrs. Anita Ros _orsteinsdottir;AZ;11
9e7c0575-c4dd-435f-8414-24cbf63ca665;IS;juror4;Mr. Bjarni Arason;AZ;14
9e7c0575-c2e6-4aa9-8bad-065872a1e071;IS;juror5;Mr. Andri _or Jonsson;AZ;6
9e7c0575-d6e7-40dc-82fd-9a132598d9e2;IT;juror1;Mr. DIEGO CALVETTI;AZ;14
9e7c0575-d63e-4f61-89f1-42f9c12f0dca;IT;juror2;Mrs. MANOLA MOSLEHI;AZ;11
9e7c0575-d795-499d-bbd4-15fc0f6d3d3d;IT;juror3;Mr. MATTIA MARZI;AZ;14
9e7c0575-d90d-419a-8cd7-c5e1aa439cb8;IT;juror4;Mrs. GIULIA AUSANI;AZ;15
9e7c0575-d855-44df-bac8-19bbe7b8bd41;IT;juror5;Mr. SALVATORE CARUSOTTO;AZ;13
9e7c0576-34f3-4a58-8ce9-44d707ffadef;SE;juror1;Mr. Michael Lennart Cederberg;AZ;10
9e7c0576-35a1-45db-ab88-eceff22801dc;SE;juror2;Mrs. Anna Charlotta Gunnarson;AZ;7
9e7c0576-3649-4cdb-8f38-9879683c05d8;SE;juror3;Mrs. Amanda Josefina Elisabeth Nordelius;AZ;1
9e7c0576-3795-4148-bec1-dedc2c7b2571;SE;juror4;Mr. Kenny Krister Kevin Lantz;AZ;14
9e7c0576-36eb-480a-b059-e86a2f76ed24;SE;juror5;Mr. Theodor Jan Haraldsson;AZ;10
9e7c0575-fede-4d9e-85fc-82f4fd9e0c34;NO;juror1;Mr. Stian Tangerud;AZ;3
9e7c0576-0027-4fcf-807e-363f1659c48e;NO;juror2;Mrs. Reidun Sather;AZ;11
9e7c0576-019a-459d-a0ac-fd5154a1bc5a;NO;juror3;Mr. Kristian Kristensen;AZ;10
9e7c0576-00df-442f-b2ae-93b7b60abefc;NO;juror4;Ms. Vanessa Joana Hutel Kure;AZ;3
9e7c0575-ff89-421b-a1e0-0f70c22892fb;NO;juror5;Mrs. Iris Severin O. Mikalsen;AZ;13
9e7c0576-3e72-4af3-b431-b92bf207627c;CH;juror1;Mr. Cyrill Camenzind;AZ;5
9e7c0576-3ba9-464f-8b6e-be2d4964dcea;CH;juror2;Mrs. Tiffany Athena Limacher;AZ;7
9e7c0576-3c63-414f-b115-e86cdf2a15c5;CH;juror3;Mr. Giordano Tatum Rush;AZ;6
9e7c0576-3d0a-4fbb-9048-294699aeb1d4;CH;juror4;Mrs. Gabriela Mennel;AZ;13
9e7c0576-3dbc-41a2-9a18-e6107e1e88a8;CH;juror5;Mrs. Mary Clapasson;AZ;12
9e7c0575-765a-414d-8070-fcbf903bf9a4;BE;juror1;Mr. Xavier Taveirne;AZ;14
9e7c0575-791f-410f-b735-162feb679931;BE;juror2;Mr. Indy Van Cauwenberg;AZ;14
9e7c0575-786a-42f6-bb0b-8f7e1fe9afdd;BE;juror3;Mrs. Noemie Wolfs;AZ;13
9e7c0575-79c7-44c3-9bc6-874f595fa260;BE;juror4;Mrs. Billie Leyers;AZ;12
9e7c0575-77b1-4440-99bb-79c5cbef6660;BE;juror5;Mr. Hans Francken;AZ;14
9e7c0575-997e-4901-9437-2d523824ba3e;EE;juror1;Mr. Indrek Sarrap;AZ;8
9e7c0576-2f74-470b-87b5-112782ab4056;ES;juror1;Mrs. Ana Isabel Conde;AZ;4
9e7c0576-3018-45b3-a8e6-6a3e849d1cba;ES;juror2;Mrs. Maria Melodia Perez Castillo;AZ;5
9e7c0576-2e1c-4328-acf4-3c8751b3ffb0;ES;juror3;Mr. Javier Pageo NicoAs;AZ;15
9e7c0576-30b9-43fd-832e-3dd447b511fa;ES;juror4;Mrs. Irene Garrido Minano;AZ;9
9e7c0576-2ec7-4fe2-a2d4-82739d9b0016;ES;juror5;Mr. Javier Llano Abril;AZ;13
9e7c0576-2973-4d1d-bfaf-c6b5b6388964;SI;juror1;Mr. Gregor Starsbergar;AZ;14
9e7c0576-2827-4002-9e57-03d49062212e;SI;juror2;Mrs. Ana Sokli;AZ;13
9e7c0575-8445-4762-acb3-e9c7ed101e88;CY;juror1;Mrs. Maria Hari;AZ;6
9e7c0576-28cf-4f3a-af2f-4db6490fd3f1;SI;juror3;Mr. Jon Vitezi;AZ;14
9e7c0576-2a0f-45d9-9c9f-01d2aee39208;SI;juror4;Mr. Urban Koritnik;AZ;14
9e7c0576-277c-4cdf-8555-64d8ddbaf223;SI;juror5;Mrs. Eva Boto;AZ;14
9e7c0575-85a6-4f10-b0a5-669d67353f50;CY;juror2;Mr. Michael Messios;AZ;9
9e7c0575-864c-415b-aaf3-3c41228c1eb4;CY;juror3;Mrs. Chariklia Strouthou;AZ;13
9e7c0575-84fa-4409-818a-706de703476a;CY;juror4;Mr. Charis Savva;AZ;14
9e7c0575-8705-4386-92d8-eb8f1154b15e;CY;juror5;Mrs. Helena Olympiou;AZ;10
9e7c0575-9a36-48a8-8be1-b1d613bb426c;EE;juror2;Mrs. Alika Milova;AZ;12
9e7c0575-9ae0-4752-a007-26dd5208389c;EE;juror3;Mr. Ott Lepland;AZ;14
9e7c0575-9b93-45ca-a954-16adf28ba87e;EE;juror4;Mr. Owe Petersell;AZ;8
9e7c0575-9c3e-4301-a0cc-0c6f874f9c46;EE;juror5;Mrs. Elina Nechayeva;AZ;10
9e7c0576-1424-496b-9d27-c7130a9f06e1;PT;juror1;Mr. Alexandre Manuel Valerio Mesquita Guimaraes;AZ;10
9e7c0576-1576-4f86-9223-84acf83449f7;PT;juror2;Mr. Alberto HernAndez Seruca;AZ;7
9e7c0576-137d-45e8-a4f8-10d16d40bf49;PT;juror3;Mrs. Lia Isabel Pereira;AZ;5
9e7c0576-161e-4959-9963-3d59611725fa;PT;juror4;Mr. Luis Oliveira Nunes;AZ;2
9e7c0576-1762-4d39-b9d6-a63f0f8acb11;PT;juror5;Mrs. NAdia Lima Pereira;AZ;4
9e7c0576-1a28-4938-a501-a2c56d0b05a1;SM;juror1;Mr. Fabrizio Raggi;AZ;5
9e7c0576-1aca-4417-89cc-e6defb1448c1;SM;juror2;Mrs. Olivia Marani;AZ;3
9e7c0576-1b72-486d-9c80-21d576ca947a;SM;juror3;Mrs. Sofia Toccaceli;AZ;1
9e7c0576-1c12-4c15-8d11-686bf7e9b104;SM;juror4;Mr. Alessandro Riccardi;AZ;7
9e7c0576-1cb9-45eb-98fb-919ed01863a5;SM;juror5;Mr. Piermatteo Carattoni;AZ;7
9e7c0575-f815-41f4-a7ba-ad5eeb3ba06b;NL;juror1;Mr. Frits Ritmeester;AZ;7
9e7c0575-fa13-4c23-9e91-8c94ef3176dd;NL;juror2;Mrs. Quinty Mesiedjan;AZ;12
9e7c0575-f8ca-4baf-a7c6-d3de00dc6c7c;NL;juror3;Mr. Dennis van Leeuwen;AZ;14
9e7c0575-f96d-46f7-9b48-c0092e163ac9;NL;juror4;Mr. Ronald de Bas;AZ;7
9e7c0575-fabe-4274-b5fd-bf5f776eda4f;NL;juror5;Mrs. Gaia Tiana Marlene Aikman;AZ;14
9e7c0576-0fc6-4a50-ba8f-a1486572941f;PL;juror1;Mr. Krystian Ochman;AZ;13
9e7c0576-0f1f-4fc0-8f5b-902167f9d477;PL;juror2;Ms. Tycjana Acquasanta;AZ;14
9e7c0576-0d16-4ff3-bc12-eac45d1341de;PL;juror3;Mrs. Katarzyna Walczak;AZ;13
9e7c0576-0c69-4624-948a-29e299b7d87e;PL;juror4;Mrs. Anna Jurksztowicz;AZ;4
9e7c0576-0dc6-4179-9024-3386b489a876;PL;juror5;Mr. Jan Stokosa;AZ;6
9e7c0576-42b8-42b1-9187-b0933c023103;UA;juror1;Mr. Dmytro Shurov;AZ;11
9e7c0576-4613-436b-84d6-661906eed597;UA;juror2;Mrs. Olena Shoptenko-Ivanova;AZ;6
9e7c0576-4566-4ca5-ae57-92bc7d179d8b;UA;juror3;Mrs. Kateryna Pavlenko;AZ;13
9e7c0576-4369-4830-8948-22d51da12cb3;UA;juror4;Mr. KOSTIANTYN BOCHAROV;AZ;7
9e7c0576-46b1-4438-b326-0c3f30cc4c9c;UA;juror5;Mrs. Tetiana Reshetniak;AZ;5
9e7c0575-570f-40ce-81c6-6b1423db9eac;AL;juror5;Mrs. Mikaela Minga;AZ;5
9e7c0575-53e0-4672-8049-fc3a897b4413;AL;juror3;Mr. Alfred Kacinari;AZ;1
9e7c0575-548c-4cff-a071-056cd8c5d341;AL;juror2;Mr. Shpetim Saraci;AZ;1
9e7c0575-552a-4e3a-bb15-4590a26e956c;AL;juror1;Mrs. Blerta Ristani;AZ;1
9e7c0575-5325-487e-9c41-f0892b1c01e6;AL;juror4;Mr. Ylljet Alicka;AZ;10
9e7c0575-7d41-46d1-9b79-ed9443932c62;HR;juror1;Mr. Niksa Bratos;AZ;14
9e7c0575-7f5d-4953-9dd9-0e42dd6670f7;HR;juror2;Mr. Miroslav Lesi;AZ;5
9e7c0575-7ea0-4895-b9eb-a3b2b8601131;HR;juror3;Mrs. Monika Lelas Halambek;AZ;14
9e7c0575-7df6-420c-be71-ab67f059cac9;HR;juror4;Mrs. Antonela Doko;AZ;12
9e7c0575-800b-4237-9ed9-c880d770d545;HR;juror5;Mrs. Mia Elizabeta Negoveti;AZ;10
9e7c0575-6fea-43be-92e2-1b6a8b8a3788;AZ;juror1;Mrs. Ulviyya Ogtay Kerimova;AZ;0
9e7c0575-72b1-4ed2-8374-338afb1439af;AZ;juror2;Mr. Tural Isa Bagmanov;AZ;0
9e7c0575-6f3d-4fe1-a5fe-04524659611b;AZ;juror3;Mr. Azer Rauf Aydemir;AZ;0
9e7c0575-70a4-4bf8-b19b-f871d193bba2;AZ;juror4;Mr. Ramil Adigozal Gasimov;AZ;0
9e7c0575-714e-4776-97b6-6788a0635c21;AZ;juror5;Mrs. Ulviyya Firudin Babirli;AZ;0
9e7c0575-c432-45dd-b25e-bf5d5ab1975b;IS;juror1;Mrs. Hulda Geirsdottir;SM;9
9e7c0575-c391-43c4-bcdd-91344e7e0aee;IS;juror2;Mr. Sindri Astmarsson;SM;6
9e7c0575-c246-4245-8257-2ab5093eee79;IS;juror3;Mrs. Anita Ros _orsteinsdottir;SM;5
9e7c0575-c4dd-435f-8414-24cbf63ca665;IS;juror4;Mr. Bjarni Arason;SM;4
9e7c0575-c2e6-4aa9-8bad-065872a1e071;IS;juror5;Mr. Andri _or Jonsson;SM;11
9e7c0575-d6e7-40dc-82fd-9a132598d9e2;IT;juror1;Mr. DIEGO CALVETTI;SM;4
9e7c0575-d63e-4f61-89f1-42f9c12f0dca;IT;juror2;Mrs. MANOLA MOSLEHI;SM;5
9e7c0575-d795-499d-bbd4-15fc0f6d3d3d;IT;juror3;Mr. MATTIA MARZI;SM;4
9e7c0575-d90d-419a-8cd7-c5e1aa439cb8;IT;juror4;Mrs. GIULIA AUSANI;SM;5
9e7c0575-d855-44df-bac8-19bbe7b8bd41;IT;juror5;Mr. SALVATORE CARUSOTTO;SM;9
9e7c0576-34f3-4a58-8ce9-44d707ffadef;SE;juror1;Mr. Michael Lennart Cederberg;SM;3
9e7c0576-35a1-45db-ab88-eceff22801dc;SE;juror2;Mrs. Anna Charlotta Gunnarson;SM;3
9e7c0576-3649-4cdb-8f38-9879683c05d8;SE;juror3;Mrs. Amanda Josefina Elisabeth Nordelius;SM;14
9e7c0576-3795-4148-bec1-dedc2c7b2571;SE;juror4;Mr. Kenny Krister Kevin Lantz;SM;12
9e7c0576-36eb-480a-b059-e86a2f76ed24;SE;juror5;Mr. Theodor Jan Haraldsson;SM;6
9e7c0575-fede-4d9e-85fc-82f4fd9e0c34;NO;juror1;Mr. Stian Tangerud;SM;9
9e7c0576-0027-4fcf-807e-363f1659c48e;NO;juror2;Mrs. Reidun Sather;SM;14
9e7c0576-019a-459d-a0ac-fd5154a1bc5a;NO;juror3;Mr. Kristian Kristensen;SM;13
9e7c0576-00df-442f-b2ae-93b7b60abefc;NO;juror4;Ms. Vanessa Joana Hutel Kure;SM;5
9e7c0575-ff89-421b-a1e0-0f70c22892fb;NO;juror5;Mrs. Iris Severin O. Mikalsen;SM;9
9e7c0576-3e72-4af3-b431-b92bf207627c;CH;juror1;Mr. Cyrill Camenzind;SM;9
9e7c0576-3ba9-464f-8b6e-be2d4964dcea;CH;juror2;Mrs. Tiffany Athena Limacher;SM;15
9e7c0576-3c63-414f-b115-e86cdf2a15c5;CH;juror3;Mr. Giordano Tatum Rush;SM;15
9e7c0576-3d0a-4fbb-9048-294699aeb1d4;CH;juror4;Mrs. Gabriela Mennel;SM;12
9e7c0576-3dbc-41a2-9a18-e6107e1e88a8;CH;juror5;Mrs. Mary Clapasson;SM;7
9e7c0575-765a-414d-8070-fcbf903bf9a4;BE;juror1;Mr. Xavier Taveirne;SM;11
9e7c0575-791f-410f-b735-162feb679931;BE;juror2;Mr. Indy Van Cauwenberg;SM;13
9e7c0575-786a-42f6-bb0b-8f7e1fe9afdd;BE;juror3;Mrs. Noemie Wolfs;SM;14
9e7c0575-79c7-44c3-9bc6-874f595fa260;BE;juror4;Mrs. Billie Leyers;SM;14
9e7c0575-77b1-4440-99bb-79c5cbef6660;BE;juror5;Mr. Hans Francken;SM;12
9e7c0575-997e-4901-9437-2d523824ba3e;EE;juror1;Mr. Indrek Sarrap;SM;13
9e7c0576-2f74-470b-87b5-112782ab4056;ES;juror1;Mrs. Ana Isabel Conde;SM;15
9e7c0576-3018-45b3-a8e6-6a3e849d1cba;ES;juror2;Mrs. Maria Melodia Perez Castillo;SM;15
9e7c0576-2e1c-4328-acf4-3c8751b3ffb0;ES;juror3;Mr. Javier Pageo NicoAs;SM;14
9e7c0576-30b9-43fd-832e-3dd447b511fa;ES;juror4;Mrs. Irene Garrido Minano;SM;15
9e7c0576-2ec7-4fe2-a2d4-82739d9b0016;ES;juror5;Mr. Javier Llano Abril;SM;7
9e7c0576-2973-4d1d-bfaf-c6b5b6388964;SI;juror1;Mr. Gregor Starsbergar;SM;13
9e7c0576-2827-4002-9e57-03d49062212e;SI;juror2;Mrs. Ana Sokli;SM;10
9e7c0575-8445-4762-acb3-e9c7ed101e88;CY;juror1;Mrs. Maria Hari;SM;2
9e7c0576-28cf-4f3a-af2f-4db6490fd3f1;SI;juror3;Mr. Jon Vitezi;SM;12
9e7c0576-2a0f-45d9-9c9f-01d2aee39208;SI;juror4;Mr. Urban Koritnik;SM;3
9e7c0576-277c-4cdf-8555-64d8ddbaf223;SI;juror5;Mrs. Eva Boto;SM;10
9e7c0575-85a6-4f10-b0a5-669d67353f50;CY;juror2;Mr. Michael Messios;SM;5
9e7c0575-864c-415b-aaf3-3c41228c1eb4;CY;juror3;Mrs. Chariklia Strouthou;SM;8
9e7c0575-84fa-4409-818a-706de703476a;CY;juror4;Mr. Charis Savva;SM;1
9e7c0575-8705-4386-92d8-eb8f1154b15e;CY;juror5;Mrs. Helena Olympiou;SM;3
9e7c0575-9a36-48a8-8be1-b1d613bb426c;EE;juror2;Mrs. Alika Milova;SM;11
9e7c0575-9ae0-4752-a007-26dd5208389c;EE;juror3;Mr. Ott Lepland;SM;13
9e7c0575-9b93-45ca-a954-16adf28ba87e;EE;juror4;Mr. Owe Petersell;SM;11
9e7c0575-9c3e-4301-a0cc-0c6f874f9c46;EE;juror5;Mrs. Elina Nechayeva;SM;5
9e7c0576-1424-496b-9d27-c7130a9f06e1;PT;juror1;Mr. Alexandre Manuel Valerio Mesquita Guimaraes;SM;11
9e7c0576-1576-4f86-9223-84acf83449f7;PT;juror2;Mr. Alberto HernAndez Seruca;SM;8
9e7c0576-137d-45e8-a4f8-10d16d40bf49;PT;juror3;Mrs. Lia Isabel Pereira;SM;7
9e7c0576-161e-4959-9963-3d59611725fa;PT;juror4;Mr. Luis Oliveira Nunes;SM;12
9e7c0576-1762-4d39-b9d6-a63f0f8acb11;PT;juror5;Mrs. NAdia Lima Pereira;SM;9
9e7c0576-1a28-4938-a501-a2c56d0b05a1;SM;juror1;Mr. Fabrizio Raggi;SM;0
9e7c0576-1aca-4417-89cc-e6defb1448c1;SM;juror2;Mrs. Olivia Marani;SM;0
9e7c0576-1b72-486d-9c80-21d576ca947a;SM;juror3;Mrs. Sofia Toccaceli;SM;0
9e7c0576-1c12-4c15-8d11-686bf7e9b104;SM;juror4;Mr. Alessandro Riccardi;SM;0
9e7c0576-1cb9-45eb-98fb-919ed01863a5;SM;juror5;Mr. Piermatteo Carattoni;SM;0
9e7c0575-f815-41f4-a7ba-ad5eeb3ba06b;NL;juror1;Mr. Frits Ritmeester;SM;6
9e7c0575-fa13-4c23-9e91-8c94ef3176dd;NL;juror2;Mrs. Quinty Mesiedjan;SM;7
9e7c0575-f8ca-4baf-a7c6-d3de00dc6c7c;NL;juror3;Mr. Dennis van Leeuwen;SM;9
9e7c0575-f96d-46f7-9b48-c0092e163ac9;NL;juror4;Mr. Ronald de Bas;SM;8
9e7c0575-fabe-4274-b5fd-bf5f776eda4f;NL;juror5;Mrs. Gaia Tiana Marlene Aikman;SM;13
9e7c0576-0fc6-4a50-ba8f-a1486572941f;PL;juror1;Mr. Krystian Ochman;SM;8
9e7c0576-0f1f-4fc0-8f5b-902167f9d477;PL;juror2;Ms. Tycjana Acquasanta;SM;10
9e7c0576-0d16-4ff3-bc12-eac45d1341de;PL;juror3;Mrs. Katarzyna Walczak;SM;14
9e7c0576-0c69-4624-948a-29e299b7d87e;PL;juror4;Mrs. Anna Jurksztowicz;SM;3
9e7c0576-0dc6-4179-9024-3386b489a876;PL;juror5;Mr. Jan Stokosa;SM;12
9e7c0576-42b8-42b1-9187-b0933c023103;UA;juror1;Mr. Dmytro Shurov;SM;10
9e7c0576-4613-436b-84d6-661906eed597;UA;juror2;Mrs. Olena Shoptenko-Ivanova;SM;13
9e7c0576-4566-4ca5-ae57-92bc7d179d8b;UA;juror3;Mrs. Kateryna Pavlenko;SM;14
9e7c0576-4369-4830-8948-22d51da12cb3;UA;juror4;Mr. KOSTIANTYN BOCHAROV;SM;14
9e7c0576-46b1-4438-b326-0c3f30cc4c9c;UA;juror5;Mrs. Tetiana Reshetniak;SM;9
9e7c0575-570f-40ce-81c6-6b1423db9eac;AL;juror5;Mrs. Mikaela Minga;SM;4
9e7c0575-53e0-4672-8049-fc3a897b4413;AL;juror3;Mr. Alfred Kacinari;SM;3
9e7c0575-548c-4cff-a071-056cd8c5d341;AL;juror2;Mr. Shpetim Saraci;SM;9
9e7c0575-552a-4e3a-bb15-4590a26e956c;AL;juror1;Mrs. Blerta Ristani;SM;14
9e7c0575-5325-487e-9c41-f0892b1c01e6;AL;juror4;Mr. Ylljet Alicka;SM;6
9e7c0575-7d41-46d1-9b79-ed9443932c62;HR;juror1;Mr. Niksa Bratos;SM;13
9e7c0575-7f5d-4953-9dd9-0e42dd6670f7;HR;juror2;Mr. Miroslav Lesi;SM;12
9e7c0575-7ea0-4895-b9eb-a3b2b8601131;HR;juror3;Mrs. Monika Lelas Halambek;SM;12
9e7c0575-7df6-420c-be71-ab67f059cac9;HR;juror4;Mrs. Antonela Doko;SM;13
9e7c0575-800b-4237-9ed9-c880d770d545;HR;juror5;Mrs. Mia Elizabeta Negoveti;SM;9
9e7c0575-6fea-43be-92e2-1b6a8b8a3788;AZ;juror1;Mrs. Ulviyya Ogtay Kerimova;SM;4
9e7c0575-72b1-4ed2-8374-338afb1439af;AZ;juror2;Mr. Tural Isa Bagmanov;SM;13
9e7c0575-6f3d-4fe1-a5fe-04524659611b;AZ;juror3;Mr. Azer Rauf Aydemir;SM;7
9e7c0575-70a4-4bf8-b19b-f871d193bba2;AZ;juror4;Mr. Ramil Adigozal Gasimov;SM;5
9e7c0575-714e-4776-97b6-6788a0635c21;AZ;juror5;Mrs. Ulviyya Firudin Babirli;SM;12
9e7c0575-c432-45dd-b25e-bf5d5ab1975b;IS;juror1;Mrs. Hulda Geirsdottir;AL;10
9e7c0575-c391-43c4-bcdd-91344e7e0aee;IS;juror2;Mr. Sindri Astmarsson;AL;13
9e7c0575-c246-4245-8257-2ab5093eee79;IS;juror3;Mrs. Anita Ros _orsteinsdottir;AL;13
9e7c0575-c4dd-435f-8414-24cbf63ca665;IS;juror4;Mr. Bjarni Arason;AL;13
9e7c0575-c2e6-4aa9-8bad-065872a1e071;IS;juror5;Mr. Andri _or Jonsson;AL;14
9e7c0575-d6e7-40dc-82fd-9a132598d9e2;IT;juror1;Mr. DIEGO CALVETTI;AL;5
9e7c0575-d63e-4f61-89f1-42f9c12f0dca;IT;juror2;Mrs. MANOLA MOSLEHI;AL;12
9e7c0575-d795-499d-bbd4-15fc0f6d3d3d;IT;juror3;Mr. MATTIA MARZI;AL;13
9e7c0575-d90d-419a-8cd7-c5e1aa439cb8;IT;juror4;Mrs. GIULIA AUSANI;AL;3
9e7c0575-d855-44df-bac8-19bbe7b8bd41;IT;juror5;Mr. SALVATORE CARUSOTTO;AL;14
9e7c0576-34f3-4a58-8ce9-44d707ffadef;SE;juror1;Mr. Michael Lennart Cederberg;AL;7
9e7c0576-35a1-45db-ab88-eceff22801dc;SE;juror2;Mrs. Anna Charlotta Gunnarson;AL;1
9e7c0576-3649-4cdb-8f38-9879683c05d8;SE;juror3;Mrs. Amanda Josefina Elisabeth Nordelius;AL;12
9e7c0576-3795-4148-bec1-dedc2c7b2571;SE;juror4;Mr. Kenny Krister Kevin Lantz;AL;11
9e7c0576-36eb-480a-b059-e86a2f76ed24;SE;juror5;Mr. Theodor Jan Haraldsson;AL;14
9e7c0575-fede-4d9e-85fc-82f4fd9e0c34;NO;juror1;Mr. Stian Tangerud;AL;4
9e7c0576-0027-4fcf-807e-363f1659c48e;NO;juror2;Mrs. Reidun Sather;AL;6
9e7c0576-019a-459d-a0ac-fd5154a1bc5a;NO;juror3;Mr. Kristian Kristensen;AL;2
9e7c0576-00df-442f-b2ae-93b7b60abefc;NO;juror4;Ms. Vanessa Joana Hutel Kure;AL;14
9e7c0575-ff89-421b-a1e0-0f70c22892fb;NO;juror5;Mrs. Iris Severin O. Mikalsen;AL;4
9e7c0576-3e72-4af3-b431-b92bf207627c;CH;juror1;Mr. Cyrill Camenzind;AL;2
9e7c0576-3ba9-464f-8b6e-be2d4964dcea;CH;juror2;Mrs. Tiffany Athena Limacher;AL;9
9e7c0576-3c63-414f-b115-e86cdf2a15c5;CH;juror3;Mr. Giordano Tatum Rush;AL;4
9e7c0576-3d0a-4fbb-9048-294699aeb1d4;CH;juror4;Mrs. Gabriela Mennel;AL;11
9e7c0576-3dbc-41a2-9a18-e6107e1e88a8;CH;juror5;Mrs. Mary Clapasson;AL;10
9e7c0575-765a-414d-8070-fcbf903bf9a4;BE;juror1;Mr. Xavier Taveirne;AL;10
9e7c0575-791f-410f-b735-162feb679931;BE;juror2;Mr. Indy Van Cauwenberg;AL;8
9e7c0575-786a-42f6-bb0b-8f7e1fe9afdd;BE;juror3;Mrs. Noemie Wolfs;AL;11
9e7c0575-79c7-44c3-9bc6-874f595fa260;BE;juror4;Mrs. Billie Leyers;AL;9
9e7c0575-77b1-4440-99bb-79c5cbef6660;BE;juror5;Mr. Hans Francken;AL;9
9e7c0575-997e-4901-9437-2d523824ba3e;EE;juror1;Mr. Indrek Sarrap;AL;9
9e7c0576-2f74-470b-87b5-112782ab4056;ES;juror1;Mrs. Ana Isabel Conde;AL;2
9e7c0576-3018-45b3-a8e6-6a3e849d1cba;ES;juror2;Mrs. Maria Melodia Perez Castillo;AL;2
9e7c0576-2e1c-4328-acf4-3c8751b3ffb0;ES;juror3;Mr. Javier Pageo NicoAs;AL;1
9e7c0576-30b9-43fd-832e-3dd447b511fa;ES;juror4;Mrs. Irene Garrido Minano;AL;6
9e7c0576-2ec7-4fe2-a2d4-82739d9b0016;ES;juror5;Mr. Javier Llano Abril;AL;9
9e7c0576-2973-4d1d-bfaf-c6b5b6388964;SI;juror1;Mr. Gregor Starsbergar;AL;8
9e7c0576-2827-4002-9e57-03d49062212e;SI;juror2;Mrs. Ana Sokli;AL;8
9e7c0575-8445-4762-acb3-e9c7ed101e88;CY;juror1;Mrs. Maria Hari;AL;5
9e7c0576-28cf-4f3a-af2f-4db6490fd3f1;SI;juror3;Mr. Jon Vitezi;AL;13
9e7c0576-2a0f-45d9-9c9f-01d2aee39208;SI;juror4;Mr. Urban Koritnik;AL;7
9e7c0576-277c-4cdf-8555-64d8ddbaf223;SI;juror5;Mrs. Eva Boto;AL;5
9e7c0575-85a6-4f10-b0a5-669d67353f50;CY;juror2;Mr. Michael Messios;AL;8
9e7c0575-864c-415b-aaf3-3c41228c1eb4;CY;juror3;Mrs. Chariklia Strouthou;AL;4
9e7c0575-84fa-4409-818a-706de703476a;CY;juror4;Mr. Charis Savva;AL;2
9e7c0575-8705-4386-92d8-eb8f1154b15e;CY;juror5;Mrs. Helena Olympiou;AL;5
9e7c0575-9a36-48a8-8be1-b1d613bb426c;EE;juror2;Mrs. Alika Milova;AL;6
9e7c0575-9ae0-4752-a007-26dd5208389c;EE;juror3;Mr. Ott Lepland;AL;10
9e7c0575-9b93-45ca-a954-16adf28ba87e;EE;juror4;Mr. Owe Petersell;AL;13
9e7c0575-9c3e-4301-a0cc-0c6f874f9c46;EE;juror5;Mrs. Elina Nechayeva;AL;7
9e7c0576-1424-496b-9d27-c7130a9f06e1;PT;juror1;Mr. Alexandre Manuel Valerio Mesquita Guimaraes;AL;6
9e7c0576-1576-4f86-9223-84acf83449f7;PT;juror2;Mr. Alberto HernAndez Seruca;AL;4
9e7c0576-137d-45e8-a4f8-10d16d40bf49;PT;juror3;Mrs. Lia Isabel Pereira;AL;1
9e7c0576-161e-4959-9963-3d59611725fa;PT;juror4;Mr. Luis Oliveira Nunes;AL;8
9e7c0576-1762-4d39-b9d6-a63f0f8acb11;PT;juror5;Mrs. NAdia Lima Pereira;AL;11
9e7c0576-1a28-4938-a501-a2c56d0b05a1;SM;juror1;Mr. Fabrizio Raggi;AL;10
9e7c0576-1aca-4417-89cc-e6defb1448c1;SM;juror2;Mrs. Olivia Marani;AL;2
9e7c0576-1b72-486d-9c80-21d576ca947a;SM;juror3;Mrs. Sofia Toccaceli;AL;9
9e7c0576-1c12-4c15-8d11-686bf7e9b104;SM;juror4;Mr. Alessandro Riccardi;AL;11
9e7c0576-1cb9-45eb-98fb-919ed01863a5;SM;juror5;Mr. Piermatteo Carattoni;AL;6
9e7c0575-f815-41f4-a7ba-ad5eeb3ba06b;NL;juror1;Mr. Frits Ritmeester;AL;9
9e7c0575-fa13-4c23-9e91-8c94ef3176dd;NL;juror2;Mrs. Quinty Mesiedjan;AL;8
9e7c0575-f8ca-4baf-a7c6-d3de00dc6c7c;NL;juror3;Mr. Dennis van Leeuwen;AL;4
9e7c0575-f96d-46f7-9b48-c0092e163ac9;NL;juror4;Mr. Ronald de Bas;AL;12
9e7c0575-fabe-4274-b5fd-bf5f776eda4f;NL;juror5;Mrs. Gaia Tiana Marlene Aikman;AL;3
9e7c0576-0fc6-4a50-ba8f-a1486572941f;PL;juror1;Mr. Krystian Ochman;AL;7
9e7c0576-0f1f-4fc0-8f5b-902167f9d477;PL;juror2;Ms. Tycjana Acquasanta;AL;5
9e7c0576-0d16-4ff3-bc12-eac45d1341de;PL;juror3;Mrs. Katarzyna Walczak;AL;3
9e7c0576-0c69-4624-948a-29e299b7d87e;PL;juror4;Mrs. Anna Jurksztowicz;AL;12
9e7c0576-0dc6-4179-9024-3386b489a876;PL;juror5;Mr. Jan Stokosa;AL;3
9e7c0576-42b8-42b1-9187-b0933c023103;UA;juror1;Mr. Dmytro Shurov;AL;13
9e7c0576-4613-436b-84d6-661906eed597;UA;juror2;Mrs. Olena Shoptenko-Ivanova;AL;12
9e7c0576-4566-4ca5-ae57-92bc7d179d8b;UA;juror3;Mrs. Kateryna Pavlenko;AL;8
9e7c0576-4369-4830-8948-22d51da12cb3;UA;juror4;Mr. KOSTIANTYN BOCHAROV;AL;13
9e7c0576-46b1-4438-b326-0c3f30cc4c9c;UA;juror5;Mrs. Tetiana Reshetniak;AL;10
9e7c0575-570f-40ce-81c6-6b1423db9eac;AL;juror5;Mrs. Mikaela Minga;AL;0
9e7c0575-53e0-4672-8049-fc3a897b4413;AL;juror3;Mr. Alfred Kacinari;AL;0
9e7c0575-548c-4cff-a071-056cd8c5d341;AL;juror2;Mr. Shpetim Saraci;AL;0
9e7c0575-552a-4e3a-bb15-4590a26e956c;AL;juror1;Mrs. Blerta Ristani;AL;0
9e7c0575-5325-487e-9c41-f0892b1c01e6;AL;juror4;Mr. Ylljet Alicka;AL;0
9e7c0575-7d41-46d1-9b79-ed9443932c62;HR;juror1;Mr. Niksa Bratos;AL;8
9e7c0575-7f5d-4953-9dd9-0e42dd6670f7;HR;juror2;Mr. Miroslav Lesi;AL;11
9e7c0575-7ea0-4895-b9eb-a3b2b8601131;HR;juror3;Mrs. Monika Lelas Halambek;AL;7
9e7c0575-7df6-420c-be71-ab67f059cac9;HR;juror4;Mrs. Antonela Doko;AL;11
9e7c0575-800b-4237-9ed9-c880d770d545;HR;juror5;Mrs. Mia Elizabeta Negoveti;AL;13
9e7c0575-6fea-43be-92e2-1b6a8b8a3788;AZ;juror1;Mrs. Ulviyya Ogtay Kerimova;AL;9
9e7c0575-72b1-4ed2-8374-338afb1439af;AZ;juror2;Mr. Tural Isa Bagmanov;AL;4
9e7c0575-6f3d-4fe1-a5fe-04524659611b;AZ;juror3;Mr. Azer Rauf Aydemir;AL;13
9e7c0575-70a4-4bf8-b19b-f871d193bba2;AZ;juror4;Mr. Ramil Adigozal Gasimov;AL;4
9e7c0575-714e-4776-97b6-6788a0635c21;AZ;juror5;Mrs. Ulviyya Firudin Babirli;AL;8
9e7c0575-c432-45dd-b25e-bf5d5ab1975b;IS;juror1;Mrs. Hulda Geirsdottir;NL;4
9e7c0575-c391-43c4-bcdd-91344e7e0aee;IS;juror2;Mr. Sindri Astmarsson;NL;1
9e7c0575-c246-4245-8257-2ab5093eee79;IS;juror3;Mrs. Anita Ros _orsteinsdottir;NL;3
9e7c0575-c4dd-435f-8414-24cbf63ca665;IS;juror4;Mr. Bjarni Arason;NL;3
9e7c0575-c2e6-4aa9-8bad-065872a1e071;IS;juror5;Mr. Andri _or Jonsson;NL;4
9e7c0575-d6e7-40dc-82fd-9a132598d9e2;IT;juror1;Mr. DIEGO CALVETTI;NL;12
9e7c0575-d63e-4f61-89f1-42f9c12f0dca;IT;juror2;Mrs. MANOLA MOSLEHI;NL;4
9e7c0575-d795-499d-bbd4-15fc0f6d3d3d;IT;juror3;Mr. MATTIA MARZI;NL;3
9e7c0575-d90d-419a-8cd7-c5e1aa439cb8;IT;juror4;Mrs. GIULIA AUSANI;NL;2
9e7c0575-d855-44df-bac8-19bbe7b8bd41;IT;juror5;Mr. SALVATORE CARUSOTTO;NL;4
9e7c0576-34f3-4a58-8ce9-44d707ffadef;SE;juror1;Mr. Michael Lennart Cederberg;NL;1
9e7c0576-35a1-45db-ab88-eceff22801dc;SE;juror2;Mrs. Anna Charlotta Gunnarson;NL;11
9e7c0576-3649-4cdb-8f38-9879683c05d8;SE;juror3;Mrs. Amanda Josefina Elisabeth Nordelius;NL;7
9e7c0576-3795-4148-bec1-dedc2c7b2571;SE;juror4;Mr. Kenny Krister Kevin Lantz;NL;1
9e7c0576-36eb-480a-b059-e86a2f76ed24;SE;juror5;Mr. Theodor Jan Haraldsson;NL;2
9e7c0575-fede-4d9e-85fc-82f4fd9e0c34;NO;juror1;Mr. Stian Tangerud;NL;10
9e7c0576-0027-4fcf-807e-363f1659c48e;NO;juror2;Mrs. Reidun Sather;NL;10
9e7c0576-019a-459d-a0ac-fd5154a1bc5a;NO;juror3;Mr. Kristian Kristensen;NL;4
9e7c0576-00df-442f-b2ae-93b7b60abefc;NO;juror4;Ms. Vanessa Joana Hutel Kure;NL;4
9e7c0575-ff89-421b-a1e0-0f70c22892fb;NO;juror5;Mrs. Iris Severin O. Mikalsen;NL;3
9e7c0576-3e72-4af3-b431-b92bf207627c;CH;juror1;Mr. Cyrill Camenzind;NL;11
9e7c0576-3ba9-464f-8b6e-be2d4964dcea;CH;juror2;Mrs. Tiffany Athena Limacher;NL;3
9e7c0576-3c63-414f-b115-e86cdf2a15c5;CH;juror3;Mr. Giordano Tatum Rush;NL;5
9e7c0576-3d0a-4fbb-9048-294699aeb1d4;CH;juror4;Mrs. Gabriela Mennel;NL;3
9e7c0576-3dbc-41a2-9a18-e6107e1e88a8;CH;juror5;Mrs. Mary Clapasson;NL;2
9e7c0575-765a-414d-8070-fcbf903bf9a4;BE;juror1;Mr. Xavier Taveirne;NL;2
9e7c0575-791f-410f-b735-162feb679931;BE;juror2;Mr. Indy Van Cauwenberg;NL;3
9e7c0575-786a-42f6-bb0b-8f7e1fe9afdd;BE;juror3;Mrs. Noemie Wolfs;NL;5
9e7c0575-79c7-44c3-9bc6-874f595fa260;BE;juror4;Mrs. Billie Leyers;NL;3
9e7c0575-77b1-4440-99bb-79c5cbef6660;BE;juror5;Mr. Hans Francken;NL;1
9e7c0575-997e-4901-9437-2d523824ba3e;EE;juror1;Mr. Indrek Sarrap;NL;3
9e7c0576-2f74-470b-87b5-112782ab4056;ES;juror1;Mrs. Ana Isabel Conde;NL;1
9e7c0576-3018-45b3-a8e6-6a3e849d1cba;ES;juror2;Mrs. Maria Melodia Perez Castillo;NL;4
9e7c0576-2e1c-4328-acf4-3c8751b3ffb0;ES;juror3;Mr. Javier Pageo NicoAs;NL;3
9e7c0576-30b9-43fd-832e-3dd447b511fa;ES;juror4;Mrs. Irene Garrido Minano;NL;1
9e7c0576-2ec7-4fe2-a2d4-82739d9b0016;ES;juror5;Mr. Javier Llano Abril;NL;3
9e7c0576-2973-4d1d-bfaf-c6b5b6388964;SI;juror1;Mr. Gregor Starsbergar;NL;5
9e7c0576-2827-4002-9e57-03d49062212e;SI;juror2;Mrs. Ana Sokli;NL;4
9e7c0575-8445-4762-acb3-e9c7ed101e88;CY;juror1;Mrs. Maria Hari;NL;1
9e7c0576-28cf-4f3a-af2f-4db6490fd3f1;SI;juror3;Mr. Jon Vitezi;NL;4
9e7c0576-2a0f-45d9-9c9f-01d2aee39208;SI;juror4;Mr. Urban Koritnik;NL;4
9e7c0576-277c-4cdf-8555-64d8ddbaf223;SI;juror5;Mrs. Eva Boto;NL;2
9e7c0575-85a6-4f10-b0a5-669d67353f50;CY;juror2;Mr. Michael Messios;NL;1
9e7c0575-864c-415b-aaf3-3c41228c1eb4;CY;juror3;Mrs. Chariklia Strouthou;NL;1
9e7c0575-84fa-4409-818a-706de703476a;CY;juror4;Mr. Charis Savva;NL;3
9e7c0575-8705-4386-92d8-eb8f1154b15e;CY;juror5;Mrs. Helena Olympiou;NL;1
9e7c0575-9a36-48a8-8be1-b1d613bb426c;EE;juror2;Mrs. Alika Milova;NL;8
9e7c0575-9ae0-4752-a007-26dd5208389c;EE;juror3;Mr. Ott Lepland;NL;2
9e7c0575-9b93-45ca-a954-16adf28ba87e;EE;juror4;Mr. Owe Petersell;NL;6
9e7c0575-9c3e-4301-a0cc-0c6f874f9c46;EE;juror5;Mrs. Elina Nechayeva;NL;3
9e7c0576-1424-496b-9d27-c7130a9f06e1;PT;juror1;Mr. Alexandre Manuel Valerio Mesquita Guimaraes;NL;5
9e7c0576-1576-4f86-9223-84acf83449f7;PT;juror2;Mr. Alberto HernAndez Seruca;NL;3
9e7c0576-137d-45e8-a4f8-10d16d40bf49;PT;juror3;Mrs. Lia Isabel Pereira;NL;4
9e7c0576-161e-4959-9963-3d59611725fa;PT;juror4;Mr. Luis Oliveira Nunes;NL;3
9e7c0576-1762-4d39-b9d6-a63f0f8acb11;PT;juror5;Mrs. NAdia Lima Pereira;NL;5
9e7c0576-1a28-4938-a501-a2c56d0b05a1;SM;juror1;Mr. Fabrizio Raggi;NL;6
9e7c0576-1aca-4417-89cc-e6defb1448c1;SM;juror2;Mrs. Olivia Marani;NL;8
9e7c0576-1b72-486d-9c80-21d576ca947a;SM;juror3;Mrs. Sofia Toccaceli;NL;6
9e7c0576-1c12-4c15-8d11-686bf7e9b104;SM;juror4;Mr. Alessandro Riccardi;NL;3
9e7c0576-1cb9-45eb-98fb-919ed01863a5;SM;juror5;Mr. Piermatteo Carattoni;NL;11
9e7c0575-f815-41f4-a7ba-ad5eeb3ba06b;NL;juror1;Mr. Frits Ritmeester;NL;0
9e7c0575-fa13-4c23-9e91-8c94ef3176dd;NL;juror2;Mrs. Quinty Mesiedjan;NL;0
9e7c0575-f8ca-4baf-a7c6-d3de00dc6c7c;NL;juror3;Mr. Dennis van Leeuwen;NL;0
9e7c0575-f96d-46f7-9b48-c0092e163ac9;NL;juror4;Mr. Ronald de Bas;NL;0
9e7c0575-fabe-4274-b5fd-bf5f776eda4f;NL;juror5;Mrs. Gaia Tiana Marlene Aikman;NL;0
9e7c0576-0fc6-4a50-ba8f-a1486572941f;PL;juror1;Mr. Krystian Ochman;NL;1
9e7c0576-0f1f-4fc0-8f5b-902167f9d477;PL;juror2;Ms. Tycjana Acquasanta;NL;2
9e7c0576-0d16-4ff3-bc12-eac45d1341de;PL;juror3;Mrs. Katarzyna Walczak;NL;1
9e7c0576-0c69-4624-948a-29e299b7d87e;PL;juror4;Mrs. Anna Jurksztowicz;NL;1
9e7c0576-0dc6-4179-9024-3386b489a876;PL;juror5;Mr. Jan Stokosa;NL;7
9e7c0576-42b8-42b1-9187-b0933c023103;UA;juror1;Mr. Dmytro Shurov;NL;3
9e7c0576-4613-436b-84d6-661906eed597;UA;juror2;Mrs. Olena Shoptenko-Ivanova;NL;5
9e7c0576-4566-4ca5-ae57-92bc7d179d8b;UA;juror3;Mrs. Kateryna Pavlenko;NL;10
9e7c0576-4369-4830-8948-22d51da12cb3;UA;juror4;Mr. KOSTIANTYN BOCHAROV;NL;4
9e7c0576-46b1-4438-b326-0c3f30cc4c9c;UA;juror5;Mrs. Tetiana Reshetniak;NL;2
9e7c0575-570f-40ce-81c6-6b1423db9eac;AL;juror5;Mrs. Mikaela Minga;NL;1
9e7c0575-53e0-4672-8049-fc3a897b4413;AL;juror3;Mr. Alfred Kacinari;NL;2
9e7c0575-548c-4cff-a071-056cd8c5d341;AL;juror2;Mr. Shpetim Saraci;NL;2
9e7c0575-552a-4e3a-bb15-4590a26e956c;AL;juror1;Mrs. Blerta Ristani;NL;2
9e7c0575-5325-487e-9c41-f0892b1c01e6;AL;juror4;Mr. Ylljet Alicka;NL;2
9e7c0575-7d41-46d1-9b79-ed9443932c62;HR;juror1;Mr. Niksa Bratos;NL;7
9e7c0575-7f5d-4953-9dd9-0e42dd6670f7;HR;juror2;Mr. Miroslav Lesi;NL;6
9e7c0575-7ea0-4895-b9eb-a3b2b8601131;HR;juror3;Mrs. Monika Lelas Halambek;NL;10
9e7c0575-7df6-420c-be71-ab67f059cac9;HR;juror4;Mrs. Antonela Doko;NL;7
9e7c0575-800b-4237-9ed9-c880d770d545;HR;juror5;Mrs. Mia Elizabeta Negoveti;NL;12
9e7c0575-6fea-43be-92e2-1b6a8b8a3788;AZ;juror1;Mrs. Ulviyya Ogtay Kerimova;NL;7
9e7c0575-72b1-4ed2-8374-338afb1439af;AZ;juror2;Mr. Tural Isa Bagmanov;NL;5
9e7c0575-6f3d-4fe1-a5fe-04524659611b;AZ;juror3;Mr. Azer Rauf Aydemir;NL;2
9e7c0575-70a4-4bf8-b19b-f871d193bba2;AZ;juror4;Mr. Ramil Adigozal Gasimov;NL;2
9e7c0575-714e-4776-97b6-6788a0635c21;AZ;juror5;Mrs. Ulviyya Firudin Babirli;NL;5
9e7c0575-c432-45dd-b25e-bf5d5ab1975b;IS;juror1;Mrs. Hulda Geirsdottir;HR;14
9e7c0575-c391-43c4-bcdd-91344e7e0aee;IS;juror2;Mr. Sindri Astmarsson;HR;4
9e7c0575-c246-4245-8257-2ab5093eee79;IS;juror3;Mrs. Anita Ros _orsteinsdottir;HR;14
9e7c0575-c4dd-435f-8414-24cbf63ca665;IS;juror4;Mr. Bjarni Arason;HR;11
9e7c0575-c2e6-4aa9-8bad-065872a1e071;IS;juror5;Mr. Andri _or Jonsson;HR;10
9e7c0575-d6e7-40dc-82fd-9a132598d9e2;IT;juror1;Mr. DIEGO CALVETTI;HR;3
9e7c0575-d63e-4f61-89f1-42f9c12f0dca;IT;juror2;Mrs. MANOLA MOSLEHI;HR;14
9e7c0575-d795-499d-bbd4-15fc0f6d3d3d;IT;juror3;Mr. MATTIA MARZI;HR;8
9e7c0575-d90d-419a-8cd7-c5e1aa439cb8;IT;juror4;Mrs. GIULIA AUSANI;HR;9
9e7c0575-d855-44df-bac8-19bbe7b8bd41;IT;juror5;Mr. SALVATORE CARUSOTTO;HR;5
9e7c0576-34f3-4a58-8ce9-44d707ffadef;SE;juror1;Mr. Michael Lennart Cederberg;HR;12
9e7c0576-35a1-45db-ab88-eceff22801dc;SE;juror2;Mrs. Anna Charlotta Gunnarson;HR;14
9e7c0576-3649-4cdb-8f38-9879683c05d8;SE;juror3;Mrs. Amanda Josefina Elisabeth Nordelius;HR;6
9e7c0576-3795-4148-bec1-dedc2c7b2571;SE;juror4;Mr. Kenny Krister Kevin Lantz;HR;10
9e7c0576-36eb-480a-b059-e86a2f76ed24;SE;juror5;Mr. Theodor Jan Haraldsson;HR;13
9e7c0575-fede-4d9e-85fc-82f4fd9e0c34;NO;juror1;Mr. Stian Tangerud;HR;13
9e7c0576-0027-4fcf-807e-363f1659c48e;NO;juror2;Mrs. Reidun Sather;HR;7
9e7c0576-019a-459d-a0ac-fd5154a1bc5a;NO;juror3;Mr. Kristian Kristensen;HR;7
9e7c0576-00df-442f-b2ae-93b7b60abefc;NO;juror4;Ms. Vanessa Joana Hutel Kure;HR;10
9e7c0575-ff89-421b-a1e0-0f70c22892fb;NO;juror5;Mrs. Iris Severin O. Mikalsen;HR;11
9e7c0576-3e72-4af3-b431-b92bf207627c;CH;juror1;Mr. Cyrill Camenzind;HR;10
9e7c0576-3ba9-464f-8b6e-be2d4964dcea;CH;juror2;Mrs. Tiffany Athena Limacher;HR;12
9e7c0576-3c63-414f-b115-e86cdf2a15c5;CH;juror3;Mr. Giordano Tatum Rush;HR;7
9e7c0576-3d0a-4fbb-9048-294699aeb1d4;CH;juror4;Mrs. Gabriela Mennel;HR;14
9e7c0576-3dbc-41a2-9a18-e6107e1e88a8;CH;juror5;Mrs. Mary Clapasson;HR;14
9e7c0575-765a-414d-8070-fcbf903bf9a4;BE;juror1;Mr. Xavier Taveirne;HR;6
9e7c0575-791f-410f-b735-162feb679931;BE;juror2;Mr. Indy Van Cauwenberg;HR;2
9e7c0575-786a-42f6-bb0b-8f7e1fe9afdd;BE;juror3;Mrs. Noemie Wolfs;HR;4
9e7c0575-79c7-44c3-9bc6-874f595fa260;BE;juror4;Mrs. Billie Leyers;HR;7
9e7c0575-77b1-4440-99bb-79c5cbef6660;BE;juror5;Mr. Hans Francken;HR;3
9e7c0575-997e-4901-9437-2d523824ba3e;EE;juror1;Mr. Indrek Sarrap;HR;10
9e7c0576-2f74-470b-87b5-112782ab4056;ES;juror1;Mrs. Ana Isabel Conde;HR;8
9e7c0576-3018-45b3-a8e6-6a3e849d1cba;ES;juror2;Mrs. Maria Melodia Perez Castillo;HR;12
9e7c0576-2e1c-4328-acf4-3c8751b3ffb0;ES;juror3;Mr. Javier Pageo NicoAs;HR;9
9e7c0576-30b9-43fd-832e-3dd447b511fa;ES;juror4;Mrs. Irene Garrido Minano;HR;11
9e7c0576-2ec7-4fe2-a2d4-82739d9b0016;ES;juror5;Mr. Javier Llano Abril;HR;14
9e7c0576-2973-4d1d-bfaf-c6b5b6388964;SI;juror1;Mr. Gregor Starsbergar;HR;4
9e7c0576-2827-4002-9e57-03d49062212e;SI;juror2;Mrs. Ana Sokli;HR;6
9e7c0575-8445-4762-acb3-e9c7ed101e88;CY;juror1;Mrs. Maria Hari;HR;7
9e7c0576-28cf-4f3a-af2f-4db6490fd3f1;SI;juror3;Mr. Jon Vitezi;HR;6
9e7c0576-2a0f-45d9-9c9f-01d2aee39208;SI;juror4;Mr. Urban Koritnik;HR;9
9e7c0576-277c-4cdf-8555-64d8ddbaf223;SI;juror5;Mrs. Eva Boto;HR;13
9e7c0575-85a6-4f10-b0a5-669d67353f50;CY;juror2;Mr. Michael Messios;HR;13
9e7c0575-864c-415b-aaf3-3c41228c1eb4;CY;juror3;Mrs. Chariklia Strouthou;HR;9
9e7c0575-84fa-4409-818a-706de703476a;CY;juror4;Mr. Charis Savva;HR;10
9e7c0575-8705-4386-92d8-eb8f1154b15e;CY;juror5;Mrs. Helena Olympiou;HR;14
9e7c0575-9a36-48a8-8be1-b1d613bb426c;EE;juror2;Mrs. Alika Milova;HR;13
9e7c0575-9ae0-4752-a007-26dd5208389c;EE;juror3;Mr. Ott Lepland;HR;7
9e7c0575-9b93-45ca-a954-16adf28ba87e;EE;juror4;Mr. Owe Petersell;HR;14
9e7c0575-9c3e-4301-a0cc-0c6f874f9c46;EE;juror5;Mrs. Elina Nechayeva;HR;14
9e7c0576-1424-496b-9d27-c7130a9f06e1;PT;juror1;Mr. Alexandre Manuel Valerio Mesquita Guimaraes;HR;14
9e7c0576-1576-4f86-9223-84acf83449f7;PT;juror2;Mr. Alberto HernAndez Seruca;HR;6
9e7c0576-137d-45e8-a4f8-10d16d40bf49;PT;juror3;Mrs. Lia Isabel Pereira;HR;6
9e7c0576-161e-4959-9963-3d59611725fa;PT;juror4;Mr. Luis Oliveira Nunes;HR;9
9e7c0576-1762-4d39-b9d6-a63f0f8acb11;PT;juror5;Mrs. NAdia Lima Pereira;HR;12
9e7c0576-1a28-4938-a501-a2c56d0b05a1;SM;juror1;Mr. Fabrizio Raggi;HR;7
9e7c0576-1aca-4417-89cc-e6defb1448c1;SM;juror2;Mrs. Olivia Marani;HR;5
9e7c0576-1b72-486d-9c80-21d576ca947a;SM;juror3;Mrs. Sofia Toccaceli;HR;10
9e7c0576-1c12-4c15-8d11-686bf7e9b104;SM;juror4;Mr. Alessandro Riccardi;HR;10
9e7c0576-1cb9-45eb-98fb-919ed01863a5;SM;juror5;Mr. Piermatteo Carattoni;HR;3
9e7c0575-f815-41f4-a7ba-ad5eeb3ba06b;NL;juror1;Mr. Frits Ritmeester;HR;10
9e7c0575-fa13-4c23-9e91-8c94ef3176dd;NL;juror2;Mrs. Quinty Mesiedjan;HR;5
9e7c0575-f8ca-4baf-a7c6-d3de00dc6c7c;NL;juror3;Mr. Dennis van Leeuwen;HR;10
9e7c0575-f96d-46f7-9b48-c0092e163ac9;NL;juror4;Mr. Ronald de Bas;HR;14
9e7c0575-fabe-4274-b5fd-bf5f776eda4f;NL;juror5;Mrs. Gaia Tiana Marlene Aikman;HR;10
9e7c0576-0fc6-4a50-ba8f-a1486572941f;PL;juror1;Mr. Krystian Ochman;HR;11
9e7c0576-0f1f-4fc0-8f5b-902167f9d477;PL;juror2;Ms. Tycjana Acquasanta;HR;8
9e7c0576-0d16-4ff3-bc12-eac45d1341de;PL;juror3;Mrs. Katarzyna Walczak;HR;12
9e7c0576-0c69-4624-948a-29e299b7d87e;PL;juror4;Mrs. Anna Jurksztowicz;HR;10
9e7c0576-0dc6-4179-9024-3386b489a876;PL;juror5;Mr. Jan Stokosa;HR;10
9e7c0576-42b8-42b1-9187-b0933c023103;UA;juror1;Mr. Dmytro Shurov;HR;5
9e7c0576-4613-436b-84d6-661906eed597;UA;juror2;Mrs. Olena Shoptenko-Ivanova;HR;11
9e7c0576-4566-4ca5-ae57-92bc7d179d8b;UA;juror3;Mrs. Kateryna Pavlenko;HR;4
9e7c0576-4369-4830-8948-22d51da12cb3;UA;juror4;Mr. KOSTIANTYN BOCHAROV;HR;12
9e7c0576-46b1-4438-b326-0c3f30cc4c9c;UA;juror5;Mrs. Tetiana Reshetniak;HR;8
9e7c0575-570f-40ce-81c6-6b1423db9eac;AL;juror5;Mrs. Mikaela Minga;HR;6
9e7c0575-53e0-4672-8049-fc3a897b4413;AL;juror3;Mr. Alfred Kacinari;HR;7
9e7c0575-548c-4cff-a071-056cd8c5d341;AL;juror2;Mr. Shpetim Saraci;HR;10
9e7c0575-552a-4e3a-bb15-4590a26e956c;AL;juror1;Mrs. Blerta Ristani;HR;7
9e7c0575-5325-487e-9c41-f0892b1c01e6;AL;juror4;Mr. Ylljet Alicka;HR;13
9e7c0575-7d41-46d1-9b79-ed9443932c62;HR;juror1;Mr. Niksa Bratos;HR;0
9e7c0575-7f5d-4953-9dd9-0e42dd6670f7;HR;juror2;Mr. Miroslav Lesi;HR;0
9e7c0575-7ea0-4895-b9eb-a3b2b8601131;HR;juror3;Mrs. Monika Lelas Halambek;HR;0
9e7c0575-7df6-420c-be71-ab67f059cac9;HR;juror4;Mrs. Antonela Doko;HR;0
9e7c0575-800b-4237-9ed9-c880d770d545;HR;juror5;Mrs. Mia Elizabeta Negoveti;HR;0
9e7c0575-6fea-43be-92e2-1b6a8b8a3788;AZ;juror1;Mrs. Ulviyya Ogtay Kerimova;HR;12
9e7c0575-72b1-4ed2-8374-338afb1439af;AZ;juror2;Mr. Tural Isa Bagmanov;HR;11
9e7c0575-6f3d-4fe1-a5fe-04524659611b;AZ;juror3;Mr. Azer Rauf Aydemir;HR;5
9e7c0575-70a4-4bf8-b19b-f871d193bba2;AZ;juror4;Mr. Ramil Adigozal Gasimov;HR;1
9e7c0575-714e-4776-97b6-6788a0635c21;AZ;juror5;Mrs. Ulviyya Firudin Babirli;HR;7
9e7c0575-c432-45dd-b25e-bf5d5ab1975b;IS;juror1;Mrs. Hulda Geirsdottir;CY;13
9e7c0575-c391-43c4-bcdd-91344e7e0aee;IS;juror2;Mr. Sindri Astmarsson;CY;12
9e7c0575-c246-4245-8257-2ab5093eee79;IS;juror3;Mrs. Anita Ros _orsteinsdottir;CY;7
9e7c0575-c4dd-435f-8414-24cbf63ca665;IS;juror4;Mr. Bjarni Arason;CY;10
9e7c0575-c2e6-4aa9-8bad-065872a1e071;IS;juror5;Mr. Andri _or Jonsson;CY;7
9e7c0575-d6e7-40dc-82fd-9a132598d9e2;IT;juror1;Mr. DIEGO CALVETTI;CY;15
9e7c0575-d63e-4f61-89f1-42f9c12f0dca;IT;juror2;Mrs. MANOLA MOSLEHI;CY;15
9e7c0575-d795-499d-bbd4-15fc0f6d3d3d;IT;juror3;Mr. MATTIA MARZI;CY;15
9e7c0575-d90d-419a-8cd7-c5e1aa439cb8;IT;juror4;Mrs. GIULIA AUSANI;CY;12
9e7c0575-d855-44df-bac8-19bbe7b8bd41;IT;juror5;Mr. SALVATORE CARUSOTTO;CY;15
9e7c0576-34f3-4a58-8ce9-44d707ffadef;SE;juror1;Mr. Michael Lennart Cederberg;CY;13
9e7c0576-35a1-45db-ab88-eceff22801dc;SE;juror2;Mrs. Anna Charlotta Gunnarson;CY;6
9e7c0576-3649-4cdb-8f38-9879683c05d8;SE;juror3;Mrs. Amanda Josefina Elisabeth Nordelius;CY;10
9e7c0576-3795-4148-bec1-dedc2c7b2571;SE;juror4;Mr. Kenny Krister Kevin Lantz;CY;5
9e7c0576-36eb-480a-b059-e86a2f76ed24;SE;juror5;Mr. Theodor Jan Haraldsson;CY;7
9e7c0575-fede-4d9e-85fc-82f4fd9e0c34;NO;juror1;Mr. Stian Tangerud;CY;12
9e7c0576-0027-4fcf-807e-363f1659c48e;NO;juror2;Mrs. Reidun Sather;CY;4
9e7c0576-019a-459d-a0ac-fd5154a1bc5a;NO;juror3;Mr. Kristian Kristensen;CY;12
9e7c0576-00df-442f-b2ae-93b7b60abefc;NO;juror4;Ms. Vanessa Joana Hutel Kure;CY;12
9e7c0575-ff89-421b-a1e0-0f70c22892fb;NO;juror5;Mrs. Iris Severin O. Mikalsen;CY;14
9e7c0576-3e72-4af3-b431-b92bf207627c;CH;juror1;Mr. Cyrill Camenzind;CY;6
9e7c0576-3ba9-464f-8b6e-be2d4964dcea;CH;juror2;Mrs. Tiffany Athena Limacher;CY;14
9e7c0576-3c63-414f-b115-e86cdf2a15c5;CH;juror3;Mr. Giordano Tatum Rush;CY;13
9e7c0576-3d0a-4fbb-9048-294699aeb1d4;CH;juror4;Mrs. Gabriela Mennel;CY;15
9e7c0576-3dbc-41a2-9a18-e6107e1e88a8;CH;juror5;Mrs. Mary Clapasson;CY;13
9e7c0575-765a-414d-8070-fcbf903bf9a4;BE;juror1;Mr. Xavier Taveirne;CY;3
9e7c0575-791f-410f-b735-162feb679931;BE;juror2;Mr. Indy Van Cauwenberg;CY;4
9e7c0575-786a-42f6-bb0b-8f7e1fe9afdd;BE;juror3;Mrs. Noemie Wolfs;CY;3
9e7c0575-79c7-44c3-9bc6-874f595fa260;BE;juror4;Mrs. Billie Leyers;CY;1
9e7c0575-77b1-4440-99bb-79c5cbef6660;BE;juror5;Mr. Hans Francken;CY;2
9e7c0575-997e-4901-9437-2d523824ba3e;EE;juror1;Mr. Indrek Sarrap;CY;14
9e7c0576-2f74-470b-87b5-112782ab4056;ES;juror1;Mrs. Ana Isabel Conde;CY;12
9e7c0576-3018-45b3-a8e6-6a3e849d1cba;ES;juror2;Mrs. Maria Melodia Perez Castillo;CY;8
9e7c0576-2e1c-4328-acf4-3c8751b3ffb0;ES;juror3;Mr. Javier Pageo NicoAs;CY;13
9e7c0576-30b9-43fd-832e-3dd447b511fa;ES;juror4;Mrs. Irene Garrido Minano;CY;13
9e7c0576-2ec7-4fe2-a2d4-82739d9b0016;ES;juror5;Mr. Javier Llano Abril;CY;6
9e7c0576-2973-4d1d-bfaf-c6b5b6388964;SI;juror1;Mr. Gregor Starsbergar;CY;6
9e7c0576-2827-4002-9e57-03d49062212e;SI;juror2;Mrs. Ana Sokli;CY;12
9e7c0575-8445-4762-acb3-e9c7ed101e88;CY;juror1;Mrs. Maria Hari;CY;0
9e7c0576-28cf-4f3a-af2f-4db6490fd3f1;SI;juror3;Mr. Jon Vitezi;CY;10
9e7c0576-2a0f-45d9-9c9f-01d2aee39208;SI;juror4;Mr. Urban Koritnik;CY;11
9e7c0576-277c-4cdf-8555-64d8ddbaf223;SI;juror5;Mrs. Eva Boto;CY;4
9e7c0575-85a6-4f10-b0a5-669d67353f50;CY;juror2;Mr. Michael Messios;CY;0
9e7c0575-864c-415b-aaf3-3c41228c1eb4;CY;juror3;Mrs. Chariklia Strouthou;CY;0
9e7c0575-84fa-4409-818a-706de703476a;CY;juror4;Mr. Charis Savva;CY;0
9e7c0575-8705-4386-92d8-eb8f1154b15e;CY;juror5;Mrs. Helena Olympiou;CY;0
9e7c0575-9a36-48a8-8be1-b1d613bb426c;EE;juror2;Mrs. Alika Milova;CY;10
9e7c0575-9ae0-4752-a007-26dd5208389c;EE;juror3;Mr. Ott Lepland;CY;12
9e7c0575-9b93-45ca-a954-16adf28ba87e;EE;juror4;Mr. Owe Petersell;CY;9
9e7c0575-9c3e-4301-a0cc-0c6f874f9c46;EE;juror5;Mrs. Elina Nechayeva;CY;13
9e7c0576-1424-496b-9d27-c7130a9f06e1;PT;juror1;Mr. Alexandre Manuel Valerio Mesquita Guimaraes;CY;7
9e7c0576-1576-4f86-9223-84acf83449f7;PT;juror2;Mr. Alberto HernAndez Seruca;CY;13
9e7c0576-137d-45e8-a4f8-10d16d40bf49;PT;juror3;Mrs. Lia Isabel Pereira;CY;12
9e7c0576-161e-4959-9963-3d59611725fa;PT;juror4;Mr. Luis Oliveira Nunes;CY;10
9e7c0576-1762-4d39-b9d6-a63f0f8acb11;PT;juror5;Mrs. NAdia Lima Pereira;CY;13
9e7c0576-1a28-4938-a501-a2c56d0b05a1;SM;juror1;Mr. Fabrizio Raggi;CY;9
9e7c0576-1aca-4417-89cc-e6defb1448c1;SM;juror2;Mrs. Olivia Marani;CY;1
9e7c0576-1b72-486d-9c80-21d576ca947a;SM;juror3;Mrs. Sofia Toccaceli;CY;11
9e7c0576-1c12-4c15-8d11-686bf7e9b104;SM;juror4;Mr. Alessandro Riccardi;CY;13
9e7c0576-1cb9-45eb-98fb-919ed01863a5;SM;juror5;Mr. Piermatteo Carattoni;CY;4
9e7c0575-f815-41f4-a7ba-ad5eeb3ba06b;NL;juror1;Mr. Frits Ritmeester;CY;11
9e7c0575-fa13-4c23-9e91-8c94ef3176dd;NL;juror2;Mrs. Quinty Mesiedjan;CY;6
9e7c0575-f8ca-4baf-a7c6-d3de00dc6c7c;NL;juror3;Mr. Dennis van Leeuwen;CY;13
9e7c0575-f96d-46f7-9b48-c0092e163ac9;NL;juror4;Mr. Ronald de Bas;CY;13
9e7c0575-fabe-4274-b5fd-bf5f776eda4f;NL;juror5;Mrs. Gaia Tiana Marlene Aikman;CY;11
9e7c0576-0fc6-4a50-ba8f-a1486572941f;PL;juror1;Mr. Krystian Ochman;CY;10
9e7c0576-0f1f-4fc0-8f5b-902167f9d477;PL;juror2;Ms. Tycjana Acquasanta;CY;13
9e7c0576-0d16-4ff3-bc12-eac45d1341de;PL;juror3;Mrs. Katarzyna Walczak;CY;11
9e7c0576-0c69-4624-948a-29e299b7d87e;PL;juror4;Mrs. Anna Jurksztowicz;CY;9
9e7c0576-0dc6-4179-9024-3386b489a876;PL;juror5;Mr. Jan Stokosa;CY;14
9e7c0576-42b8-42b1-9187-b0933c023103;UA;juror1;Mr. Dmytro Shurov;CY;12
9e7c0576-4613-436b-84d6-661906eed597;UA;juror2;Mrs. Olena Shoptenko-Ivanova;CY;8
9e7c0576-4566-4ca5-ae57-92bc7d179d8b;UA;juror3;Mrs. Kateryna Pavlenko;CY;5
9e7c0576-4369-4830-8948-22d51da12cb3;UA;juror4;Mr. KOSTIANTYN BOCHAROV;CY;2
9e7c0576-46b1-4438-b326-0c3f30cc4c9c;UA;juror5;Mrs. Tetiana Reshetniak;CY;4
9e7c0575-570f-40ce-81c6-6b1423db9eac;AL;juror5;Mrs. Mikaela Minga;CY;11
9e7c0575-53e0-4672-8049-fc3a897b4413;AL;juror3;Mr. Alfred Kacinari;CY;6
9e7c0575-548c-4cff-a071-056cd8c5d341;AL;juror2;Mr. Shpetim Saraci;CY;6
9e7c0575-552a-4e3a-bb15-4590a26e956c;AL;juror1;Mrs. Blerta Ristani;CY;6
9e7c0575-5325-487e-9c41-f0892b1c01e6;AL;juror4;Mr. Ylljet Alicka;CY;12
9e7c0575-7d41-46d1-9b79-ed9443932c62;HR;juror1;Mr. Niksa Bratos;CY;5
9e7c0575-7f5d-4953-9dd9-0e42dd6670f7;HR;juror2;Mr. Miroslav Lesi;CY;14
9e7c0575-7ea0-4895-b9eb-a3b2b8601131;HR;juror3;Mrs. Monika Lelas Halambek;CY;13
9e7c0575-7df6-420c-be71-ab67f059cac9;HR;juror4;Mrs. Antonela Doko;CY;14
9e7c0575-800b-4237-9ed9-c880d770d545;HR;juror5;Mrs. Mia Elizabeta Negoveti;CY;14
9e7c0575-6fea-43be-92e2-1b6a8b8a3788;AZ;juror1;Mrs. Ulviyya Ogtay Kerimova;CY;10
9e7c0575-72b1-4ed2-8374-338afb1439af;AZ;juror2;Mr. Tural Isa Bagmanov;CY;10
9e7c0575-6f3d-4fe1-a5fe-04524659611b;AZ;juror3;Mr. Azer Rauf Aydemir;CY;8
9e7c0575-70a4-4bf8-b19b-f871d193bba2;AZ;juror4;Mr. Ramil Adigozal Gasimov;CY;3
9e7c0575-714e-4776-97b6-6788a0635c21;AZ;juror5;Mrs. Ulviyya Firudin Babirli;CY;6
